Date,Close,lag_1_price,lag_1_log_return,lag_7_price,lag_7_log_return,lag_14_price,lag_14_log_return
2005-01-04,23200.0,,,,,,
2005-01-05,23200.0,23200.0,0.0,,,,
2005-01-06,23200.0,23200.0,0.0,,,,
2005-01-07,23200.0,23200.0,0.0,,,,
2005-01-10,23200.0,,,,,,
2005-01-11,23204.0,23200.0,0.00017239893155357209,23200.0,0.00017239893155357209,,
2005-01-12,23200.0,23204.0,-0.00017239893155367644,23200.0,0.0,,
2005-01-13,23200.0,23200.0,0.0,23200.0,0.0,,
2005-01-14,23200.0,23200.0,0.0,23200.0,0.0,,
2005-01-18,23200.0,,,23204.0,-0.00017239893155367644,23200.0,0.0
2005-01-19,23200.0,23200.0,0.0,23200.0,0.0,23200.0,0.0
2005-01-20,23200.0,23200.0,0.0,23200.0,0.0,23200.0,0.0
2005-01-21,23200.0,23200.0,0.0,23200.0,0.0,23200.0,0.0
2005-01-24,23200.0,,,,,23200.0,0.0
2005-01-25,23200.0,23200.0,0.0,23200.0,0.0,23204.0,-0.00017239893155367644
2005-01-26,23200.0,23200.0,0.0,23200.0,0.0,23200.0,0.0
2005-01-27,23200.0,23200.0,0.0,23200.0,0.0,23200.0,0.0
2005-01-28,23200.0,23200.0,0.0,23200.0,0.0,23200.0,0.0
2005-01-31,23200.0,,,23200.0,0.0,,
2005-02-01,23200.0,23200.0,0.0,23200.0,0.0,23200.0,0.0
2005-02-02,23200.0,23200.0,0.0,23200.0,0.0,23200.0,0.0
2005-02-03,23200.0,23200.0,0.0,23200.0,0.0,23200.0,0.0
2005-02-04,23200.0,23200.0,0.0,23200.0,0.0,23200.0,0.0
2005-02-16,23200.0,,,,,23200.0,0.0
2005-02-17,23200.0,23200.0,0.0,,,23200.0,0.0
2005-02-18,23200.0,23200.0,0.0,,,23200.0,0.0
2005-02-21,23200.0,,,,,,
2005-02-22,23200.0,23200.0,0.0,,,,
2005-02-23,23200.0,23200.0,0.0,23200.0,0.0,,
2005-02-24,23200.0,23200.0,0.0,23200.0,0.0,,
2005-02-25,23200.0,23200.0,0.0,23200.0,0.0,,
2005-02-28,23200.0,,,23200.0,0.0,,
2005-03-01,23200.0,23200.0,0.0,23200.0,0.0,,
2005-03-02,23200.0,23200.0,0.0,23200.0,0.0,23200.0,0.0
2005-03-03,23200.0,23200.0,0.0,23200.0,0.0,23200.0,0.0
2005-03-04,23200.0,23200.0,0.0,23200.0,0.0,23200.0,0.0
2005-03-07,23200.0,,,23200.0,0.0,23200.0,0.0
2005-03-08,23200.0,23200.0,0.0,23200.0,0.0,23200.0,0.0
2005-03-09,23200.0,23200.0,0.0,23200.0,0.0,23200.0,0.0
2005-03-10,23200.0,23200.0,0.0,23200.0,0.0,23200.0,0.0
2005-03-11,23200.0,23200.0,0.0,23200.0,0.0,23200.0,0.0
2005-03-14,23200.0,,,23200.0,0.0,23200.0,0.0
2005-03-15,23200.0,23200.0,0.0,23200.0,0.0,23200.0,0.0
2005-03-16,23200.0,23200.0,0.0,23200.0,0.0,23200.0,0.0
2005-03-17,23200.0,23200.0,0.0,23200.0,0.0,23200.0,0.0
2005-03-18,23200.0,23200.0,0.0,23200.0,0.0,23200.0,0.0
2005-03-21,23200.0,,,23200.0,0.0,23200.0,0.0
2005-03-22,23200.0,23200.0,0.0,23200.0,0.0,23200.0,0.0
2005-03-23,23200.0,23200.0,0.0,23200.0,0.0,23200.0,0.0
2005-03-24,23200.0,23200.0,0.0,23200.0,0.0,23200.0,0.0
2005-03-25,23200.0,23200.0,0.0,23200.0,0.0,23200.0,0.0
2005-03-28,23200.0,,,23200.0,0.0,23200.0,0.0
2005-03-29,23200.0,23200.0,0.0,23200.0,0.0,23200.0,0.0
2005-03-30,23200.0,23200.0,0.0,23200.0,0.0,23200.0,0.0
2005-03-31,23200.0,23200.0,0.0,23200.0,0.0,23200.0,0.0
2005-04-01,23200.0,23200.0,0.0,23200.0,0.0,23200.0,0.0
2005-04-04,23200.0,,,23200.0,0.0,23200.0,0.0
2005-04-05,23200.0,23200.0,0.0,23200.0,0.0,23200.0,0.0
2005-04-06,23200.0,23200.0,0.0,23200.0,0.0,23200.0,0.0
2005-04-07,23200.0,23200.0,0.0,23200.0,0.0,23200.0,0.0
2005-04-08,23200.0,23200.0,0.0,23200.0,0.0,23200.0,0.0
2005-04-11,23200.0,,,23200.0,0.0,23200.0,0.0
2005-04-12,23200.0,23200.0,0.0,23200.0,0.0,23200.0,0.0
2005-04-13,23200.0,23200.0,0.0,23200.0,0.0,23200.0,0.0
2005-04-14,23200.0,23200.0,0.0,23200.0,0.0,23200.0,0.0
2005-04-15,23200.0,23200.0,0.0,23200.0,0.0,23200.0,0.0
2005-04-18,23200.0,,,23200.0,0.0,23200.0,0.0
2005-04-19,23200.0,23200.0,0.0,23200.0,0.0,23200.0,0.0
2005-04-20,23200.0,23200.0,0.0,23200.0,0.0,23200.0,0.0
2005-04-21,23200.0,23200.0,0.0,23200.0,0.0,23200.0,0.0
2005-04-22,23200.0,23200.0,0.0,23200.0,0.0,23200.0,0.0
2005-04-25,23200.0,,,23200.0,0.0,23200.0,0.0
2005-04-26,23200.0,23200.0,0.0,23200.0,0.0,23200.0,0.0
2005-04-27,23200.0,23200.0,0.0,23200.0,0.0,23200.0,0.0
2005-04-28,23200.0,23200.0,0.0,23200.0,0.0,23200.0,0.0
2005-04-29,23200.0,23200.0,0.0,23200.0,0.0,23200.0,0.0
2005-05-09,23200.0,,,,,23200.0,0.0
2005-05-10,23200.0,23200.0,0.0,,,23200.0,0.0
2005-05-11,23200.0,23200.0,0.0,,,23200.0,0.0
2005-05-12,23200.0,23200.0,0.0,,,23200.0,0.0
2005-05-13,23200.0,23200.0,0.0,,,23200.0,0.0
2005-05-16,23200.0,,,23200.0,0.0,,
2005-05-17,23200.0,23200.0,0.0,23200.0,0.0,,
2005-05-18,23200.0,23200.0,0.0,23200.0,0.0,,
2005-05-19,23200.0,23200.0,0.0,23200.0,0.0,,
2005-05-20,23200.0,23200.0,0.0,23200.0,0.0,,
2005-05-23,23200.0,,,23200.0,0.0,23200.0,0.0
2005-05-24,23200.0,23200.0,0.0,23200.0,0.0,23200.0,0.0
2005-05-25,23200.0,23200.0,0.0,23200.0,0.0,23200.0,0.0
2005-05-26,23200.0,23200.0,0.0,23200.0,0.0,23200.0,0.0
2005-05-27,23200.0,23200.0,0.0,23200.0,0.0,23200.0,0.0
2005-05-30,23200.0,,,23200.0,0.0,23200.0,0.0
2005-05-31,23200.0,23200.0,0.0,23200.0,0.0,23200.0,0.0
2005-06-01,23200.0,23200.0,0.0,23200.0,0.0,23200.0,0.0
2005-06-02,23200.0,23200.0,0.0,23200.0,0.0,23200.0,0.0
2005-06-03,23200.0,23200.0,0.0,23200.0,0.0,23200.0,0.0
2005-06-06,23200.0,,,23200.0,0.0,23200.0,0.0
2005-06-07,23200.0,23200.0,0.0,23200.0,0.0,23200.0,0.0
2005-06-08,23200.0,23200.0,0.0,23200.0,0.0,23200.0,0.0
2005-06-09,23200.0,23200.0,0.0,23200.0,0.0,23200.0,0.0
2005-06-13,23200.0,,,23200.0,0.0,23200.0,0.0
2005-06-14,23200.0,23200.0,0.0,23200.0,0.0,23200.0,0.0
2005-06-15,23200.0,23200.0,0.0,23200.0,0.0,23200.0,0.0
2005-06-16,23200.0,23200.0,0.0,23200.0,0.0,23200.0,0.0
2005-06-17,23200.0,23200.0,0.0,,,23200.0,0.0
2005-06-20,23200.0,,,23200.0,0.0,23200.0,0.0
2005-06-21,23200.0,23200.0,0.0,23200.0,0.0,23200.0,0.0
2005-06-23,23200.0,,,23200.0,0.0,23200.0,0.0
2005-06-24,23200.0,23200.0,0.0,23200.0,0.0,,
2005-06-27,23200.0,,,23200.0,0.0,23200.0,0.0
2005-06-28,23200.0,23200.0,0.0,23200.0,0.0,23200.0,0.0
2005-06-29,23200.0,23200.0,0.0,,,23200.0,0.0
2005-06-30,23200.0,23200.0,0.0,23200.0,0.0,23200.0,0.0
2005-07-01,23200.0,23200.0,0.0,23200.0,0.0,23200.0,0.0
2005-07-04,23200.0,,,23200.0,0.0,23200.0,0.0
2005-07-05,23200.0,23200.0,0.0,23200.0,0.0,23200.0,0.0
2005-07-06,23200.0,23200.0,0.0,23200.0,0.0,,
2005-07-07,23200.0,23200.0,0.0,23200.0,0.0,23200.0,0.0
2005-07-08,23200.0,23200.0,0.0,23200.0,0.0,23200.0,0.0
2005-07-11,23200.0,,,23200.0,0.0,23200.0,0.0
2005-07-12,23200.0,23200.0,0.0,23200.0,0.0,23200.0,0.0
2005-07-13,23200.0,23200.0,0.0,23200.0,0.0,23200.0,0.0
2005-07-14,23200.0,23200.0,0.0,23200.0,0.0,23200.0,0.0
2005-07-15,23200.0,23200.0,0.0,23200.0,0.0,23200.0,0.0
2005-07-18,23200.0,,,23200.0,0.0,23200.0,0.0
2005-07-19,23200.0,23200.0,0.0,23200.0,0.0,23200.0,0.0
2005-07-20,23200.0,23200.0,0.0,23200.0,0.0,23200.0,0.0
2005-07-28,23200.0,,,,,23200.0,0.0
2005-07-29,23200.0,23200.0,0.0,,,23200.0,0.0
2005-08-01,23200.0,,,,,23200.0,0.0
2005-08-02,23200.0,23200.0,0.0,,,23200.0,0.0
2005-08-03,23200.0,23200.0,0.0,,,23200.0,0.0
2005-08-04,23200.0,23200.0,0.0,23200.0,0.0,,
2005-08-05,23200.0,23200.0,0.0,23200.0,0.0,,
2005-08-08,23200.0,,,23200.0,0.0,,
2005-08-09,23200.0,23200.0,0.0,23200.0,0.0,,
2005-08-10,23200.0,23200.0,0.0,23200.0,0.0,,
2005-08-11,23200.0,23200.0,0.0,23200.0,0.0,23200.0,0.0
2005-08-12,23200.0,23200.0,0.0,23200.0,0.0,23200.0,0.0
2005-08-15,23200.0,,,23200.0,0.0,23200.0,0.0
2005-08-16,23200.0,23200.0,0.0,23200.0,0.0,23200.0,0.0
2005-08-17,23200.0,23200.0,0.0,23200.0,0.0,23200.0,0.0
2005-08-18,23200.0,23200.0,0.0,23200.0,0.0,23200.0,0.0
2005-08-19,23200.0,23200.0,0.0,23200.0,0.0,23200.0,0.0
2005-08-22,23200.0,,,23200.0,0.0,23200.0,0.0
2005-08-23,23200.0,23200.0,0.0,23200.0,0.0,23200.0,0.0
2005-08-24,23200.0,23200.0,0.0,23200.0,0.0,23200.0,0.0
2005-08-25,23200.0,23200.0,0.0,23200.0,0.0,23200.0,0.0
2005-08-26,23200.0,23200.0,0.0,23200.0,0.0,23200.0,0.0
2005-08-29,23200.0,,,23200.0,0.0,23200.0,0.0
2005-08-30,23200.0,23200.0,0.0,23200.0,0.0,23200.0,0.0
2005-08-31,23200.0,23200.0,0.0,23200.0,0.0,23200.0,0.0
2005-09-01,23200.0,23200.0,0.0,23200.0,0.0,23200.0,0.0
2005-09-02,23200.0,23200.0,0.0,23200.0,0.0,23200.0,0.0
2005-09-05,23200.0,,,23200.0,0.0,23200.0,0.0
2005-09-06,23200.0,23200.0,0.0,23200.0,0.0,23200.0,0.0
2005-09-07,23200.0,23200.0,0.0,23200.0,0.0,23200.0,0.0
2005-09-08,23200.0,23200.0,0.0,23200.0,0.0,23200.0,0.0
2005-09-09,23200.0,23200.0,0.0,23200.0,0.0,23200.0,0.0
2005-09-12,23200.0,,,23200.0,0.0,23200.0,0.0
2005-09-13,23200.0,23200.0,0.0,23200.0,0.0,23200.0,0.0
2005-09-14,23200.0,23200.0,0.0,23200.0,0.0,23200.0,0.0
2005-09-15,23200.0,23200.0,0.0,23200.0,0.0,23200.0,0.0
2005-09-16,23200.0,23200.0,0.0,23200.0,0.0,23200.0,0.0
2005-09-19,23200.0,,,23200.0,0.0,23200.0,0.0
2005-09-20,23200.0,23200.0,0.0,23200.0,0.0,23200.0,0.0
2005-09-21,23200.0,23200.0,0.0,23200.0,0.0,23200.0,0.0
2005-09-22,23200.0,23200.0,0.0,23200.0,0.0,23200.0,0.0
2005-09-23,23200.0,23200.0,0.0,23200.0,0.0,23200.0,0.0
2005-09-26,23200.0,,,23200.0,0.0,23200.0,0.0
2005-09-27,23200.0,23200.0,0.0,23200.0,0.0,23200.0,0.0
2005-09-28,23200.0,23200.0,0.0,23200.0,0.0,23200.0,0.0
2005-09-29,23200.0,23200.0,0.0,23200.0,0.0,23200.0,0.0
2005-09-30,23200.0,23200.0,0.0,23200.0,0.0,23200.0,0.0
2005-10-10,23200.0,,,,,23200.0,0.0
2005-10-11,23200.0,23200.0,0.0,,,23200.0,0.0
2005-10-12,23200.0,23200.0,0.0,,,23200.0,0.0
2005-10-13,23200.0,23200.0,0.0,,,23200.0,0.0
2005-10-14,23200.0,23200.0,0.0,,,23200.0,0.0
2005-10-17,23200.0,,,23200.0,0.0,,
2005-10-18,23200.0,23200.0,0.0,23200.0,0.0,,
2005-10-19,23200.0,23200.0,0.0,23200.0,0.0,,
2005-10-20,23200.0,23200.0,0.0,23200.0,0.0,,
2005-10-21,23200.0,23200.0,0.0,23200.0,0.0,,
2005-10-24,23200.0,,,23200.0,0.0,23200.0,0.0
2005-10-25,23200.0,23200.0,0.0,23200.0,0.0,23200.0,0.0
2005-10-26,23200.0,23200.0,0.0,23200.0,0.0,23200.0,0.0
2005-10-27,23200.0,23200.0,0.0,23200.0,0.0,23200.0,0.0
2005-10-28,23200.0,23200.0,0.0,23200.0,0.0,23200.0,0.0
2005-10-31,23200.0,,,23200.0,0.0,23200.0,0.0
2005-11-01,23200.0,23200.0,0.0,23200.0,0.0,23200.0,0.0
2005-11-02,23200.0,23200.0,0.0,23200.0,0.0,23200.0,0.0
2005-11-03,23200.0,23200.0,0.0,23200.0,0.0,23200.0,0.0
2005-11-04,23200.0,23200.0,0.0,23200.0,0.0,23200.0,0.0
2005-11-07,23205.0,,,23200.0,0.00021549402087491293,23200.0,0.00021549402087491293
2005-11-08,23200.0,23205.0,-0.00021549402087486317,23200.0,0.0,23200.0,0.0
2005-11-09,23200.0,23200.0,0.0,23200.0,0.0,23200.0,0.0
2005-11-10,23200.0,23200.0,0.0,23200.0,0.0,23200.0,0.0
2005-11-11,23200.0,23200.0,0.0,23200.0,0.0,23200.0,0.0
2005-11-14,23200.0,,,23205.0,-0.00021549402087486317,23200.0,0.0
2005-11-15,23200.0,23200.0,0.0,23200.0,0.0,23200.0,0.0
2005-11-16,23200.0,23200.0,0.0,23200.0,0.0,23200.0,0.0
2005-11-17,23200.0,23200.0,0.0,23200.0,0.0,23200.0,0.0
2005-11-18,23200.0,23200.0,0.0,23200.0,0.0,23200.0,0.0
2005-11-21,23200.0,,,23200.0,0.0,23205.0,-0.00021549402087486317
2005-11-22,23200.0,23200.0,0.0,23200.0,0.0,23200.0,0.0
2005-11-23,23200.0,23200.0,0.0,23200.0,0.0,23200.0,0.0
2005-11-24,23200.0,23200.0,0.0,23200.0,0.0,23200.0,0.0
2005-11-25,23200.0,23200.0,0.0,23200.0,0.0,23200.0,0.0
2005-11-28,23200.0,,,23200.0,0.0,23200.0,0.0
2005-11-29,23200.0,23200.0,0.0,23200.0,0.0,23200.0,0.0
2005-11-30,23200.0,23200.0,0.0,23200.0,0.0,23200.0,0.0
2005-12-01,23200.0,23200.0,0.0,23200.0,0.0,23200.0,0.0
2005-12-02,23200.0,23200.0,0.0,23200.0,0.0,23200.0,0.0
2005-12-05,23200.0,,,23200.0,0.0,23200.0,0.0
2005-12-06,23200.0,23200.0,0.0,23200.0,0.0,23200.0,0.0
2005-12-07,23200.0,23200.0,0.0,23200.0,0.0,23200.0,0.0
2005-12-08,23200.0,23200.0,0.0,23200.0,0.0,23200.0,0.0
2005-12-09,23200.0,23200.0,0.0,23200.0,0.0,23200.0,0.0
2005-12-12,23200.0,,,23200.0,0.0,23200.0,0.0
2005-12-13,23200.0,23200.0,0.0,23200.0,0.0,23200.0,0.0
2005-12-14,23200.0,23200.0,0.0,23200.0,0.0,23200.0,0.0
2005-12-15,23200.0,23200.0,0.0,23200.0,0.0,23200.0,0.0
2005-12-16,23200.0,23200.0,0.0,23200.0,0.0,23200.0,0.0
2005-12-19,23200.0,,,23200.0,0.0,23200.0,0.0
2005-12-20,23200.0,23200.0,0.0,23200.0,0.0,23200.0,0.0
2005-12-21,23200.0,23200.0,0.0,23200.0,0.0,23200.0,0.0
2005-12-22,23200.0,23200.0,0.0,23200.0,0.0,23200.0,0.0
2005-12-23,23200.0,23200.0,0.0,23200.0,0.0,23200.0,0.0
2005-12-26,23200.0,,,23200.0,0.0,23200.0,0.0
2005-12-27,23200.0,23200.0,0.0,23200.0,0.0,23200.0,0.0
2005-12-28,23200.0,23200.0,0.0,23200.0,0.0,23200.0,0.0
2005-12-29,23200.0,23200.0,0.0,23200.0,0.0,23200.0,0.0
2005-12-30,23200.0,23200.0,0.0,23200.0,0.0,23200.0,0.0
2006-01-04,23200.0,,,23200.0,0.0,23200.0,0.0
2006-01-05,23200.0,23200.0,0.0,23200.0,0.0,23200.0,0.0
2006-01-06,23200.0,23200.0,0.0,23200.0,0.0,23200.0,0.0
2006-01-09,23200.0,,,,,23200.0,0.0
2006-01-10,23200.0,23200.0,0.0,,,23200.0,0.0
2006-01-11,23200.0,23200.0,0.0,23200.0,0.0,23200.0,0.0
2006-01-12,23200.0,23200.0,0.0,23200.0,0.0,23200.0,0.0
2006-01-13,23200.0,23200.0,0.0,23200.0,0.0,23200.0,0.0
2006-01-16,23200.0,,,23200.0,0.0,,
2006-01-17,23200.0,23200.0,0.0,23200.0,0.0,,
2006-01-18,23200.0,23200.0,0.0,23200.0,0.0,23200.0,0.0
2006-01-19,23200.0,23200.0,0.0,23200.0,0.0,23200.0,0.0
2006-01-20,23200.0,23200.0,0.0,23200.0,0.0,23200.0,0.0
2006-01-23,23200.0,,,23200.0,0.0,23200.0,0.0
2006-01-24,23200.0,23200.0,0.0,23200.0,0.0,23200.0,0.0
2006-01-25,23200.0,23200.0,0.0,23200.0,0.0,23200.0,0.0
2006-01-26,23200.0,23200.0,0.0,23200.0,0.0,23200.0,0.0
2006-01-27,23200.0,23200.0,0.0,23200.0,0.0,23200.0,0.0
2006-02-06,23200.0,,,,,23200.0,0.0
2006-02-07,23200.0,23200.0,0.0,,,23200.0,0.0
2006-02-08,23200.0,23200.0,0.0,,,23200.0,0.0
2006-02-09,23200.0,23200.0,0.0,,,23200.0,0.0
2006-02-10,23200.0,23200.0,0.0,,,23200.0,0.0
2006-02-13,23200.0,,,23200.0,0.0,,
2006-02-14,23200.0,23200.0,0.0,23200.0,0.0,,
2006-02-15,23200.0,23200.0,0.0,23200.0,0.0,,
2006-02-16,23200.0,23200.0,0.0,23200.0,0.0,,
2006-02-17,22500.0,23200.0,-0.0306369694618898,23200.0,-0.0306369694618898,,
2006-02-20,22500.0,,,23200.0,-0.0306369694618898,23200.0,-0.0306369694618898
2006-02-21,22500.0,22500.0,0.0,23200.0,-0.0306369694618898,23200.0,-0.0306369694618898
2006-02-22,22500.0,22500.0,0.0,23200.0,-0.0306369694618898,23200.0,-0.0306369694618898
2006-02-23,22500.0,22500.0,0.0,23200.0,-0.0306369694618898,23200.0,-0.0306369694618898
2006-02-24,22500.0,22500.0,0.0,22500.0,0.0,23200.0,-0.0306369694618898
2006-02-27,22500.0,,,22500.0,0.0,23200.0,-0.0306369694618898
2006-02-28,22500.0,22500.0,0.0,22500.0,0.0,23200.0,-0.0306369694618898
2006-03-01,22500.0,22500.0,0.0,22500.0,0.0,23200.0,-0.0306369694618898
2006-03-02,22500.0,22500.0,0.0,22500.0,0.0,23200.0,-0.0306369694618898
2006-03-03,22500.0,22500.0,0.0,22500.0,0.0,22500.0,0.0
2006-03-06,22500.0,,,22500.0,0.0,22500.0,0.0
2006-03-07,22500.0,22500.0,0.0,22500.0,0.0,22500.0,0.0
2006-03-08,22500.0,22500.0,0.0,22500.0,0.0,22500.0,0.0
2006-03-09,22500.0,22500.0,0.0,22500.0,0.0,22500.0,0.0
2006-03-10,22500.0,22500.0,0.0,22500.0,0.0,22500.0,0.0
2006-03-13,22500.0,,,22500.0,0.0,22500.0,0.0
2006-03-14,22500.0,22500.0,0.0,22500.0,0.0,22500.0,0.0
2006-03-15,22500.0,22500.0,0.0,22500.0,0.0,22500.0,0.0
2006-03-16,22500.0,22500.0,0.0,22500.0,0.0,22500.0,0.0
2006-03-17,22500.0,22500.0,0.0,22500.0,0.0,22500.0,0.0
2006-03-20,22500.0,,,22500.0,0.0,22500.0,0.0
2006-03-21,22500.0,22500.0,0.0,22500.0,0.0,22500.0,0.0
2006-03-22,22500.0,22500.0,0.0,22500.0,0.0,22500.0,0.0
2006-03-23,22500.0,22500.0,0.0,22500.0,0.0,22500.0,0.0
2006-03-24,22500.0,22500.0,0.0,22500.0,0.0,22500.0,0.0
2006-03-27,22500.0,,,22500.0,0.0,22500.0,0.0
2006-03-28,22500.0,22500.0,0.0,22500.0,0.0,22500.0,0.0
2006-03-29,22500.0,22500.0,0.0,22500.0,0.0,22500.0,0.0
2006-03-30,22500.0,22500.0,0.0,22500.0,0.0,22500.0,0.0
2006-03-31,22500.0,22500.0,0.0,22500.0,0.0,22500.0,0.0
2006-04-03,22500.0,,,22500.0,0.0,22500.0,0.0
2006-04-04,22500.0,22500.0,0.0,22500.0,0.0,22500.0,0.0
2006-04-05,22500.0,22500.0,0.0,22500.0,0.0,22500.0,0.0
2006-04-06,22500.0,22500.0,0.0,22500.0,0.0,22500.0,0.0
2006-04-10,22500.0,,,22500.0,0.0,22500.0,0.0
2006-04-11,22500.0,22500.0,0.0,22500.0,0.0,22500.0,0.0
2006-04-12,22500.0,22500.0,0.0,22500.0,0.0,22500.0,0.0
2006-04-13,22500.0,22500.0,0.0,22500.0,0.0,22500.0,0.0
2006-04-14,22500.0,22500.0,0.0,,,22500.0,0.0
2006-04-17,22500.0,,,22500.0,0.0,22500.0,0.0
2006-04-18,22500.0,22500.0,0.0,22500.0,0.0,22500.0,0.0
2006-04-19,22500.0,22500.0,0.0,22500.0,0.0,22500.0,0.0
2006-04-20,22500.0,22500.0,0.0,22500.0,0.0,22500.0,0.0
2006-04-21,22500.0,22500.0,0.0,22500.0,0.0,,
2006-04-24,22500.0,,,22500.0,0.0,22500.0,0.0
2006-04-25,22500.0,22500.0,0.0,22500.0,0.0,22500.0,0.0
2006-04-26,22500.0,22500.0,0.0,22500.0,0.0,22500.0,0.0
2006-04-27,22500.0,22500.0,0.0,22500.0,0.0,22500.0,0.0
2006-04-28,22500.0,22500.0,0.0,22500.0,0.0,22500.0,0.0
2006-05-08,22500.0,,,,,22500.0,0.0
2006-05-09,22500.0,22500.0,0.0,,,22500.0,0.0
2006-05-10,22500.0,22500.0,0.0,,,22500.0,0.0
2006-05-11,22500.0,22500.0,0.0,,,22500.0,0.0
2006-05-12,22500.0,22500.0,0.0,,,22500.0,0.0
2006-05-15,22500.0,,,22500.0,0.0,,
2006-05-16,22500.0,22500.0,0.0,22500.0,0.0,,
2006-05-17,22500.0,22500.0,0.0,22500.0,0.0,,
2006-05-24,22500.0,,,22500.0,0.0,22500.0,0.0
2006-05-25,22500.0,22500.0,0.0,,,22500.0,0.0
2006-05-26,22500.0,22500.0,0.0,,,22500.0,0.0
2006-05-29,22500.0,,,,,22500.0,0.0
2006-05-30,22500.0,22500.0,0.0,,,22500.0,0.0
2006-05-31,22500.0,22500.0,0.0,22500.0,0.0,22500.0,0.0
2006-06-01,22500.0,22500.0,0.0,22500.0,0.0,,
2006-06-02,22500.0,22500.0,0.0,22500.0,0.0,,
2006-06-05,22500.0,,,22500.0,0.0,,
2006-06-06,22500.0,22500.0,0.0,22500.0,0.0,,
2006-06-07,22500.0,22500.0,0.0,22500.0,0.0,22500.0,0.0
2006-06-08,22500.0,22500.0,0.0,22500.0,0.0,22500.0,0.0
2006-06-09,22500.0,22500.0,0.0,22500.0,0.0,22500.0,0.0
2006-06-12,22500.0,,,22500.0,0.0,22500.0,0.0
2006-06-13,22500.0,22500.0,0.0,22500.0,0.0,22500.0,0.0
2006-06-14,22500.0,22500.0,0.0,22500.0,0.0,22500.0,0.0
2006-06-15,22500.0,22500.0,0.0,22500.0,0.0,22500.0,0.0
2006-06-16,22500.0,22500.0,0.0,22500.0,0.0,22500.0,0.0
2006-06-19,22500.0,,,22500.0,0.0,22500.0,0.0
2006-06-20,22500.0,22500.0,0.0,22500.0,0.0,22500.0,0.0
2006-06-21,22500.0,22500.0,0.0,22500.0,0.0,22500.0,0.0
2006-06-22,22500.0,22500.0,0.0,22500.0,0.0,22500.0,0.0
2006-06-23,22500.0,22500.0,0.0,22500.0,0.0,22500.0,0.0
2006-06-26,22500.0,,,22500.0,0.0,22500.0,0.0
2006-06-27,22500.0,22500.0,0.0,22500.0,0.0,22500.0,0.0
2006-06-28,22500.0,22500.0,0.0,22500.0,0.0,22500.0,0.0
2006-06-29,22500.0,22500.0,0.0,22500.0,0.0,22500.0,0.0
2006-06-30,22500.0,22500.0,0.0,22500.0,0.0,22500.0,0.0
2006-07-03,22500.0,,,22500.0,0.0,22500.0,0.0
2006-07-04,22500.0,22500.0,0.0,22500.0,0.0,22500.0,0.0
2006-07-05,22500.0,22500.0,0.0,22500.0,0.0,22500.0,0.0
2006-07-06,22500.0,22500.0,0.0,22500.0,0.0,22500.0,0.0
2006-07-07,22500.0,22500.0,0.0,22500.0,0.0,22500.0,0.0
2006-07-10,22500.0,,,22500.0,0.0,22500.0,0.0
2006-07-11,22500.0,22500.0,0.0,22500.0,0.0,22500.0,0.0
2006-07-12,22500.0,22500.0,0.0,22500.0,0.0,22500.0,0.0
2006-07-13,22500.0,22500.0,0.0,22500.0,0.0,22500.0,0.0
2006-07-14,22500.0,22500.0,0.0,22500.0,0.0,22500.0,0.0
2006-07-17,22500.0,,,22500.0,0.0,22500.0,0.0
2006-07-18,22500.0,22500.0,0.0,22500.0,0.0,22500.0,0.0
2006-07-19,22500.0,22500.0,0.0,22500.0,0.0,22500.0,0.0
2006-07-20,22500.0,22500.0,0.0,22500.0,0.0,22500.0,0.0
2006-07-21,22500.0,22500.0,0.0,22500.0,0.0,22500.0,0.0
2006-07-24,22500.0,,,22500.0,0.0,22500.0,0.0
2006-07-25,22500.0,22500.0,0.0,22500.0,0.0,22500.0,0.0
2006-07-26,22500.0,22500.0,0.0,22500.0,0.0,22500.0,0.0
2006-07-27,22500.0,22500.0,0.0,22500.0,0.0,22500.0,0.0
2006-07-28,22500.0,22500.0,0.0,22500.0,0.0,22500.0,0.0
2006-07-31,22500.0,,,22500.0,0.0,22500.0,0.0
2006-08-01,22500.0,22500.0,0.0,22500.0,0.0,22500.0,0.0
2006-08-02,22500.0,22500.0,0.0,22500.0,0.0,22500.0,0.0
2006-08-03,22500.0,22500.0,0.0,22500.0,0.0,22500.0,0.0
2006-08-04,22500.0,22500.0,0.0,22500.0,0.0,22500.0,0.0
2006-08-07,22500.0,,,22500.0,0.0,22500.0,0.0
2006-08-08,22500.0,22500.0,0.0,22500.0,0.0,22500.0,0.0
2006-08-09,22500.0,22500.0,0.0,22500.0,0.0,22500.0,0.0
2006-08-10,22500.0,22500.0,0.0,22500.0,0.0,22500.0,0.0
2006-08-11,22500.0,22500.0,0.0,22500.0,0.0,22500.0,0.0
2006-08-14,22500.0,,,22500.0,0.0,22500.0,0.0
2006-08-15,22500.0,22500.0,0.0,22500.0,0.0,22500.0,0.0
2006-08-16,22500.0,22500.0,0.0,22500.0,0.0,22500.0,0.0
2007-01-04,22500.0,,,,,,
2007-01-05,22500.0,22500.0,0.0,,,,
2007-01-08,22500.0,,,,,,
2007-01-09,22500.0,22500.0,0.0,,,,
2007-01-10,22500.0,22500.0,0.0,,,,
2007-01-11,22500.0,22500.0,0.0,22500.0,0.0,,
2007-01-12,22500.0,22500.0,0.0,22500.0,0.0,,
2007-01-15,22500.0,,,22500.0,0.0,,
2007-01-16,22500.0,22500.0,0.0,22500.0,0.0,,
2007-01-17,22500.0,22500.0,0.0,22500.0,0.0,,
2007-01-18,22500.0,22500.0,0.0,22500.0,0.0,22500.0,0.0
2007-01-19,22500.0,22500.0,0.0,22500.0,0.0,22500.0,0.0
2007-01-22,22500.0,,,22500.0,0.0,22500.0,0.0
2007-01-23,22500.0,22500.0,0.0,22500.0,0.0,22500.0,0.0
2007-01-24,22500.0,22500.0,0.0,22500.0,0.0,22500.0,0.0
2007-01-25,22500.0,22500.0,0.0,22500.0,0.0,22500.0,0.0
2007-01-26,22500.0,22500.0,0.0,22500.0,0.0,22500.0,0.0
2007-01-29,22500.0,,,22500.0,0.0,22500.0,0.0
2007-01-30,22500.0,22500.0,0.0,22500.0,0.0,22500.0,0.0
2007-01-31,22500.0,22500.0,0.0,22500.0,0.0,22500.0,0.0
2007-02-01,22500.0,22500.0,0.0,22500.0,0.0,22500.0,0.0
2007-02-02,22500.0,22500.0,0.0,22500.0,0.0,22500.0,0.0
2007-02-05,22500.0,,,22500.0,0.0,22500.0,0.0
2007-02-06,22500.0,22500.0,0.0,22500.0,0.0,22500.0,0.0
2007-02-07,22500.0,22500.0,0.0,22500.0,0.0,22500.0,0.0
2007-02-08,22500.0,22500.0,0.0,22500.0,0.0,22500.0,0.0
2007-02-12,22500.0,,,22500.0,0.0,22500.0,0.0
2007-02-13,22500.0,22500.0,0.0,22500.0,0.0,22500.0,0.0
2007-02-14,22500.0,22500.0,0.0,22500.0,0.0,22500.0,0.0
2007-02-15,22500.0,22500.0,0.0,22500.0,0.0,22500.0,0.0
2007-02-16,22500.0,22500.0,0.0,,,22500.0,0.0
2007-02-26,22500.0,,,,,22500.0,0.0
2007-02-27,22500.0,22500.0,0.0,,,22500.0,0.0
2007-02-28,22500.0,22500.0,0.0,,,22500.0,0.0
2007-03-01,22500.0,22500.0,0.0,,,22500.0,0.0
2007-03-02,22500.0,22500.0,0.0,,,22500.0,0.0
2007-03-05,22500.0,,,22500.0,0.0,,
2007-03-06,22500.0,22500.0,0.0,22500.0,0.0,,
2007-03-07,22500.0,22500.0,0.0,22500.0,0.0,,
2007-03-08,22500.0,22500.0,0.0,22500.0,0.0,,
2007-03-12,22500.0,,,22500.0,0.0,22500.0,0.0
2007-03-13,22500.0,22500.0,0.0,22500.0,0.0,22500.0,0.0
2007-03-14,22500.0,22500.0,0.0,22500.0,0.0,22500.0,0.0
2007-03-15,66000.0,22500.0,1.076139432816051,22500.0,1.076139432816051,22500.0,1.076139432816051
2007-03-16,66000.0,66000.0,0.0,,,22500.0,1.076139432816051
2007-03-19,66000.0,,,22500.0,1.076139432816051,22500.0,1.076139432816051
2007-03-20,66000.0,66000.0,0.0,22500.0,1.076139432816051,22500.0,1.076139432816051
2007-03-21,66000.0,66000.0,0.0,22500.0,1.076139432816051,22500.0,1.076139432816051
2007-03-22,66000.0,66000.0,0.0,66000.0,0.0,22500.0,1.076139432816051
2007-03-23,66000.0,66000.0,0.0,66000.0,0.0,,
2007-03-26,66000.0,,,66000.0,0.0,22500.0,1.076139432816051
2007-03-27,66000.0,66000.0,0.0,66000.0,0.0,22500.0,1.076139432816051
2007-03-28,66000.0,66000.0,0.0,66000.0,0.0,22500.0,1.076139432816051
2007-03-29,66000.0,66000.0,0.0,66000.0,0.0,66000.0,0.0
2007-03-30,66000.0,66000.0,0.0,66000.0,0.0,66000.0,0.0
2007-04-02,66000.0,,,66000.0,0.0,66000.0,0.0
2007-04-03,66000.0,66000.0,0.0,66000.0,0.0,66000.0,0.0
2007-04-04,66000.0,66000.0,0.0,66000.0,0.0,66000.0,0.0
2007-04-05,66000.0,66000.0,0.0,66000.0,0.0,66000.0,0.0
2007-04-06,66000.0,66000.0,0.0,66000.0,0.0,66000.0,0.0
2007-04-09,66000.0,,,66000.0,0.0,66000.0,0.0
2007-04-10,66000.0,66000.0,0.0,66000.0,0.0,66000.0,0.0
2007-04-11,66000.0,66000.0,0.0,66000.0,0.0,66000.0,0.0
2007-04-12,66000.0,66000.0,0.0,66000.0,0.0,66000.0,0.0
2007-04-13,66000.0,66000.0,0.0,66000.0,0.0,66000.0,0.0
2007-04-16,66000.0,,,66000.0,0.0,66000.0,0.0
2007-04-17,66000.0,66000.0,0.0,66000.0,0.0,66000.0,0.0
2007-04-18,66000.0,66000.0,0.0,66000.0,0.0,66000.0,0.0
2007-04-19,66000.0,66000.0,0.0,66000.0,0.0,66000.0,0.0
2007-04-20,66001.0,66000.0,1.5151400368366284e-05,66000.0,1.5151400368366284e-05,66000.0,1.5151400368366284e-05
2007-04-23,66000.0,,,66000.0,0.0,66000.0,0.0
2007-04-24,66000.0,66000.0,0.0,66000.0,0.0,66000.0,0.0
2007-04-25,66000.0,66000.0,0.0,66000.0,0.0,66000.0,0.0
2007-04-26,66000.0,66000.0,0.0,66000.0,0.0,66000.0,0.0
2007-04-27,66000.0,66000.0,0.0,66001.0,-1.515140036848781e-05,66000.0,0.0
2007-04-30,66000.0,,,66000.0,0.0,66000.0,0.0
2007-05-08,66000.0,,,,,66000.0,0.0
2007-05-09,66000.0,66000.0,0.0,,,66000.0,0.0
2007-05-10,66000.0,66000.0,0.0,,,66000.0,0.0
2007-05-11,66000.0,66000.0,0.0,,,66000.0,0.0
2007-05-14,66000.0,,,,,66000.0,0.0
2007-05-15,66000.0,66000.0,0.0,66000.0,0.0,,
2007-05-16,66000.0,66000.0,0.0,66000.0,0.0,,
2007-05-17,66000.0,66000.0,0.0,66000.0,0.0,,
2007-05-18,66000.0,66000.0,0.0,66000.0,0.0,,
2007-05-21,66000.0,,,66000.0,0.0,,
2007-05-22,66000.0,66000.0,0.0,66000.0,0.0,66000.0,0.0
2007-05-23,66000.0,66000.0,0.0,66000.0,0.0,66000.0,0.0
2007-05-24,66000.0,66000.0,0.0,66000.0,0.0,66000.0,0.0
2007-05-25,66000.0,66000.0,0.0,66000.0,0.0,66000.0,0.0
2007-05-28,66000.0,,,66000.0,0.0,66000.0,0.0
2007-05-29,66000.0,66000.0,0.0,66000.0,0.0,66000.0,0.0
2007-05-30,66000.0,66000.0,0.0,66000.0,0.0,66000.0,0.0
2007-05-31,60000.0,66000.0,-0.0953101798043249,66000.0,-0.0953101798043249,66000.0,-0.0953101798043249
2007-06-01,60000.0,60000.0,0.0,66000.0,-0.0953101798043249,66000.0,-0.0953101798043249
2007-06-04,60000.0,,,66000.0,-0.0953101798043249,66000.0,-0.0953101798043249
2007-06-05,60000.0,60000.0,0.0,66000.0,-0.0953101798043249,66000.0,-0.0953101798043249
2007-06-06,60000.0,60000.0,0.0,66000.0,-0.0953101798043249,66000.0,-0.0953101798043249
2007-06-07,60000.0,60000.0,0.0,60000.0,0.0,66000.0,-0.0953101798043249
2007-06-08,60000.0,60000.0,0.0,60000.0,0.0,66000.0,-0.0953101798043249
2007-06-11,60000.0,,,60000.0,0.0,66000.0,-0.0953101798043249
2007-06-12,59000.0,60000.0,-0.01680711831638129,60000.0,-0.01680711831638129,66000.0,-0.11211729812070612
2007-06-13,59000.0,59000.0,0.0,60000.0,-0.01680711831638129,66000.0,-0.11211729812070612
2007-06-14,59000.0,59000.0,0.0,60000.0,-0.01680711831638129,60000.0,-0.01680711831638129
2007-06-15,59000.0,59000.0,0.0,60000.0,-0.01680711831638129,60000.0,-0.01680711831638129
2007-06-18,59000.0,,,60000.0,-0.01680711831638129,60000.0,-0.01680711831638129
2007-06-19,59000.0,59000.0,0.0,59000.0,0.0,60000.0,-0.01680711831638129
2007-06-20,59000.0,59000.0,0.0,59000.0,0.0,60000.0,-0.01680711831638129
2007-06-21,59000.0,59000.0,0.0,59000.0,0.0,60000.0,-0.01680711831638129
2007-06-22,59000.0,59000.0,0.0,59000.0,0.0,60000.0,-0.01680711831638129
2007-06-25,59000.0,,,59000.0,0.0,60000.0,-0.01680711831638129
2007-06-26,59000.0,59000.0,0.0,59000.0,0.0,59000.0,0.0
2007-06-27,59000.0,59000.0,0.0,59000.0,0.0,59000.0,0.0
2007-06-28,59000.0,59000.0,0.0,59000.0,0.0,59000.0,0.0
2007-06-29,59000.0,59000.0,0.0,59000.0,0.0,59000.0,0.0
2007-07-02,59000.0,,,59000.0,0.0,59000.0,0.0
2007-07-03,59000.0,59000.0,0.0,59000.0,0.0,59000.0,0.0
2007-07-04,59000.0,59000.0,0.0,59000.0,0.0,59000.0,0.0
2007-07-05,59000.0,59000.0,0.0,59000.0,0.0,59000.0,0.0
2007-07-06,59000.0,59000.0,0.0,59000.0,0.0,59000.0,0.0
2007-07-09,59000.0,,,59000.0,0.0,59000.0,0.0
2007-07-10,59000.0,59000.0,0.0,59000.0,0.0,59000.0,0.0
2007-07-11,59000.0,59000.0,0.0,59000.0,0.0,59000.0,0.0
2007-07-12,59000.0,59000.0,0.0,59000.0,0.0,59000.0,0.0
2007-07-13,59000.0,59000.0,0.0,59000.0,0.0,59000.0,0.0
2007-07-16,59000.0,,,59000.0,0.0,59000.0,0.0
2007-07-17,59000.0,59000.0,0.0,59000.0,0.0,59000.0,0.0
2007-07-19,59000.0,,,59000.0,0.0,59000.0,0.0
2007-07-20,59000.0,59000.0,0.0,59000.0,0.0,59000.0,0.0
2007-07-23,59000.0,,,59000.0,0.0,59000.0,0.0
2007-07-24,59000.0,59000.0,0.0,59000.0,0.0,59000.0,0.0
2007-07-25,59000.0,59000.0,0.0,,,59000.0,0.0
2007-07-26,59000.0,59000.0,0.0,59000.0,0.0,59000.0,0.0
2007-07-27,59000.0,59000.0,0.0,59000.0,0.0,59000.0,0.0
2007-07-30,59000.0,,,59000.0,0.0,59000.0,0.0
2007-07-31,59000.0,59000.0,0.0,59000.0,0.0,59000.0,0.0
2007-08-01,59000.0,59000.0,0.0,59000.0,0.0,,
2007-08-02,59000.0,59000.0,0.0,59000.0,0.0,59000.0,0.0
2007-08-03,59000.0,59000.0,0.0,59000.0,0.0,59000.0,0.0
2007-08-06,59000.0,,,59000.0,0.0,59000.0,0.0
2007-08-07,53000.0,59000.0,-0.10724553035359756,59000.0,-0.10724553035359756,59000.0,-0.10724553035359756
2007-08-08,53000.0,53000.0,0.0,59000.0,-0.10724553035359756,59000.0,-0.10724553035359756
2007-08-09,53000.0,53000.0,0.0,59000.0,-0.10724553035359756,59000.0,-0.10724553035359756
2007-08-10,53000.0,53000.0,0.0,59000.0,-0.10724553035359756,59000.0,-0.10724553035359756
2007-08-13,53000.0,,,59000.0,-0.10724553035359756,59000.0,-0.10724553035359756
2007-08-14,53000.0,53000.0,0.0,53000.0,0.0,59000.0,-0.10724553035359756
2007-08-15,53000.0,53000.0,0.0,53000.0,0.0,59000.0,-0.10724553035359756
2007-08-16,53000.0,53000.0,0.0,53000.0,0.0,59000.0,-0.10724553035359756
2007-08-17,53000.0,53000.0,0.0,53000.0,0.0,59000.0,-0.10724553035359756
2007-08-20,53000.0,,,53000.0,0.0,59000.0,-0.10724553035359756
2007-08-21,53000.0,53000.0,0.0,53000.0,0.0,53000.0,0.0
2007-08-22,53000.0,53000.0,0.0,53000.0,0.0,53000.0,0.0
2007-08-23,53000.0,53000.0,0.0,53000.0,0.0,53000.0,0.0
2007-08-24,53000.0,53000.0,0.0,53000.0,0.0,53000.0,0.0
2007-08-27,53000.0,,,53000.0,0.0,53000.0,0.0
2007-08-28,53000.0,53000.0,0.0,53000.0,0.0,53000.0,0.0
2007-08-29,53000.0,53000.0,0.0,53000.0,0.0,53000.0,0.0
2007-08-30,53000.0,53000.0,0.0,53000.0,0.0,53000.0,0.0
2007-08-31,53000.0,53000.0,0.0,53000.0,0.0,53000.0,0.0
2007-09-03,53000.0,,,53000.0,0.0,53000.0,0.0
2007-09-04,53000.0,53000.0,0.0,53000.0,0.0,53000.0,0.0
2007-09-05,53000.0,53000.0,0.0,53000.0,0.0,53000.0,0.0
2007-09-06,53000.0,53000.0,0.0,53000.0,0.0,53000.0,0.0
2007-09-07,53000.0,53000.0,0.0,53000.0,0.0,53000.0,0.0
2007-09-10,53000.0,,,53000.0,0.0,53000.0,0.0
2007-09-11,53000.0,53000.0,0.0,53000.0,0.0,53000.0,0.0
2007-09-12,53000.0,53000.0,0.0,53000.0,0.0,53000.0,0.0
2007-09-13,53000.0,53000.0,0.0,53000.0,0.0,53000.0,0.0
2007-09-14,53000.0,53000.0,0.0,53000.0,0.0,53000.0,0.0
2007-09-17,53000.0,,,53000.0,0.0,53000.0,0.0
2007-09-18,53000.0,53000.0,0.0,53000.0,0.0,53000.0,0.0
2007-09-19,53000.0,53000.0,0.0,53000.0,0.0,53000.0,0.0
2007-09-20,53000.0,53000.0,0.0,53000.0,0.0,53000.0,0.0
2007-09-21,53000.0,53000.0,0.0,53000.0,0.0,53000.0,0.0
2007-09-24,53000.0,,,53000.0,0.0,53000.0,0.0
2007-09-25,53000.0,53000.0,0.0,53000.0,0.0,53000.0,0.0
2007-09-26,53000.0,53000.0,0.0,53000.0,0.0,53000.0,0.0
2007-09-27,53000.0,53000.0,0.0,53000.0,0.0,53000.0,0.0
2007-09-28,53000.0,53000.0,0.0,53000.0,0.0,53000.0,0.0
2007-10-08,53000.0,,,,,53000.0,0.0
2007-10-09,53000.0,53000.0,0.0,,,53000.0,0.0
2007-10-10,53000.0,53000.0,0.0,,,53000.0,0.0
2007-10-11,53000.0,53000.0,0.0,,,53000.0,0.0
2007-10-12,53000.0,53000.0,0.0,,,53000.0,0.0
2007-10-15,53000.0,,,53000.0,0.0,,
2007-10-16,53000.0,53000.0,0.0,53000.0,0.0,,
2007-10-17,53000.0,53000.0,0.0,53000.0,0.0,,
2007-10-18,53000.0,53000.0,0.0,53000.0,0.0,,
2007-10-19,53000.0,53000.0,0.0,53000.0,0.0,,
2007-10-22,53000.0,,,53000.0,0.0,53000.0,0.0
2007-10-23,53000.0,53000.0,0.0,53000.0,0.0,53000.0,0.0
2007-10-24,53000.0,53000.0,0.0,53000.0,0.0,53000.0,0.0
2007-10-25,53000.0,53000.0,0.0,53000.0,0.0,53000.0,0.0
2007-10-26,53000.0,53000.0,0.0,53000.0,0.0,53000.0,0.0
2007-10-29,53000.0,,,53000.0,0.0,53000.0,0.0
2007-10-30,53000.0,53000.0,0.0,53000.0,0.0,53000.0,0.0
2007-10-31,53000.0,53000.0,0.0,53000.0,0.0,53000.0,0.0
2007-11-01,53000.0,53000.0,0.0,53000.0,0.0,53000.0,0.0
2007-11-02,53000.0,53000.0,0.0,53000.0,0.0,53000.0,0.0
2007-11-05,53000.0,,,53000.0,0.0,53000.0,0.0
2007-11-06,53000.0,53000.0,0.0,53000.0,0.0,53000.0,0.0
2007-11-07,53000.0,53000.0,0.0,53000.0,0.0,53000.0,0.0
2007-11-08,53000.0,53000.0,0.0,53000.0,0.0,53000.0,0.0
2007-11-09,53000.0,53000.0,0.0,53000.0,0.0,53000.0,0.0
2007-11-12,36000.0,,,53000.0,-0.3867729750960119,53000.0,-0.3867729750960119
2007-11-13,36000.0,36000.0,0.0,53000.0,-0.3867729750960119,53000.0,-0.3867729750960119
2007-11-14,36000.0,36000.0,0.0,53000.0,-0.3867729750960119,53000.0,-0.3867729750960119
2007-11-15,36000.0,36000.0,0.0,53000.0,-0.3867729750960119,53000.0,-0.3867729750960119
2007-11-16,36000.0,36000.0,0.0,53000.0,-0.3867729750960119,53000.0,-0.3867729750960119
2007-11-19,36000.0,,,36000.0,0.0,53000.0,-0.3867729750960119
2007-11-20,36000.0,36000.0,0.0,36000.0,0.0,53000.0,-0.3867729750960119
2007-11-21,36000.0,36000.0,0.0,36000.0,0.0,53000.0,-0.3867729750960119
2007-11-22,36000.0,36000.0,0.0,36000.0,0.0,53000.0,-0.3867729750960119
2007-11-23,36000.0,36000.0,0.0,36000.0,0.0,53000.0,-0.3867729750960119
2007-11-26,36000.0,,,36000.0,0.0,36000.0,0.0
2007-11-27,36000.0,36000.0,0.0,36000.0,0.0,36000.0,0.0
2007-11-28,36000.0,36000.0,0.0,36000.0,0.0,36000.0,0.0
2007-11-29,36000.0,36000.0,0.0,36000.0,0.0,36000.0,0.0
2007-11-30,36000.0,36000.0,0.0,36000.0,0.0,36000.0,0.0
2007-12-03,36000.0,,,36000.0,0.0,36000.0,0.0
2007-12-04,36000.0,36000.0,0.0,36000.0,0.0,36000.0,0.0
2007-12-05,36000.0,36000.0,0.0,36000.0,0.0,36000.0,0.0
2007-12-06,36000.0,36000.0,0.0,36000.0,0.0,36000.0,0.0
2007-12-07,36000.0,36000.0,0.0,36000.0,0.0,36000.0,0.0
2007-12-10,36000.0,,,36000.0,0.0,36000.0,0.0
2007-12-11,36000.0,36000.0,0.0,36000.0,0.0,36000.0,0.0
2007-12-12,36000.0,36000.0,0.0,36000.0,0.0,36000.0,0.0
2007-12-13,36000.0,36000.0,0.0,36000.0,0.0,36000.0,0.0
2007-12-14,36000.0,36000.0,0.0,36000.0,0.0,36000.0,0.0
2007-12-17,36000.0,,,36000.0,0.0,36000.0,0.0
2007-12-18,36000.0,36000.0,0.0,36000.0,0.0,36000.0,0.0
2007-12-19,36000.0,36000.0,0.0,36000.0,0.0,36000.0,0.0
2007-12-20,36000.0,36000.0,0.0,36000.0,0.0,36000.0,0.0
2007-12-21,36000.0,36000.0,0.0,36000.0,0.0,36000.0,0.0
2007-12-24,36000.0,,,36000.0,0.0,36000.0,0.0
2007-12-25,36000.0,36000.0,0.0,36000.0,0.0,36000.0,0.0
2007-12-26,36000.0,36000.0,0.0,36000.0,0.0,36000.0,0.0
2007-12-27,36000.0,36000.0,0.0,36000.0,0.0,36000.0,0.0
2007-12-28,36000.0,36000.0,0.0,36000.0,0.0,36000.0,0.0
2008-01-02,36000.0,,,36000.0,0.0,36000.0,0.0
2008-01-03,36000.0,36000.0,0.0,36000.0,0.0,36000.0,0.0
2008-01-04,36000.0,36000.0,0.0,36000.0,0.0,36000.0,0.0
2008-01-07,36000.0,,,,,36000.0,0.0
2008-01-08,36000.0,36000.0,0.0,,,36000.0,0.0
2008-01-09,36000.0,36000.0,0.0,36000.0,0.0,36000.0,0.0
2008-01-10,36000.0,36000.0,0.0,36000.0,0.0,36000.0,0.0
2008-01-11,36000.0,36000.0,0.0,36000.0,0.0,36000.0,0.0
2008-01-14,36000.0,,,36000.0,0.0,,
2008-01-15,36000.0,36000.0,0.0,36000.0,0.0,,
2008-01-16,36000.0,36000.0,0.0,36000.0,0.0,36000.0,0.0
2008-01-17,36000.0,36000.0,0.0,36000.0,0.0,36000.0,0.0
2008-01-18,36000.0,36000.0,0.0,36000.0,0.0,36000.0,0.0
2008-01-21,52500.0,,,36000.0,0.377294231141468,36000.0,0.377294231141468
2008-01-22,52500.0,52500.0,0.0,36000.0,0.377294231141468,36000.0,0.377294231141468
2008-01-23,52500.0,52500.0,0.0,36000.0,0.377294231141468,36000.0,0.377294231141468
2008-01-24,52500.0,52500.0,0.0,36000.0,0.377294231141468,36000.0,0.377294231141468
2008-01-25,52500.0,52500.0,0.0,36000.0,0.377294231141468,36000.0,0.377294231141468
2008-01-28,52500.0,,,52500.0,0.0,36000.0,0.377294231141468
2008-01-29,52500.0,52500.0,0.0,52500.0,0.0,36000.0,0.377294231141468
2008-01-30,52500.0,52500.0,0.0,52500.0,0.0,36000.0,0.377294231141468
2008-01-31,52500.0,52500.0,0.0,52500.0,0.0,36000.0,0.377294231141468
2008-02-01,52500.0,52500.0,0.0,52500.0,0.0,36000.0,0.377294231141468
2008-02-04,52500.0,,,52500.0,0.0,52500.0,0.0
2008-02-05,52500.0,52500.0,0.0,52500.0,0.0,52500.0,0.0
2008-02-13,52500.0,,,,,52500.0,0.0
2008-02-14,52500.0,52500.0,0.0,,,52500.0,0.0
2008-02-15,52500.0,52500.0,0.0,,,52500.0,0.0
2008-02-18,52500.0,,,,,52500.0,0.0
2008-02-19,52500.0,52500.0,0.0,,,52500.0,0.0
2008-02-20,52500.0,52500.0,0.0,52500.0,0.0,,
2008-02-21,52500.0,52500.0,0.0,52500.0,0.0,,
2008-02-22,52500.0,52500.0,0.0,52500.0,0.0,,
2008-02-25,52500.0,,,52500.0,0.0,,
2008-02-26,52500.0,52500.0,0.0,52500.0,0.0,,
2008-02-27,52500.0,52500.0,0.0,52500.0,0.0,52500.0,0.0
2008-02-28,52500.0,52500.0,0.0,52500.0,0.0,52500.0,0.0
2008-02-29,58500.0,52500.0,0.10821358464023279,52500.0,0.10821358464023279,52500.0,0.10821358464023279
2008-03-03,58500.0,,,52500.0,0.10821358464023279,52500.0,0.10821358464023279
2008-03-04,58500.0,58500.0,0.0,52500.0,0.10821358464023279,52500.0,0.10821358464023279
2008-03-05,58500.0,58500.0,0.0,52500.0,0.10821358464023279,52500.0,0.10821358464023279
2008-03-06,58500.0,58500.0,0.0,52500.0,0.10821358464023279,52500.0,0.10821358464023279
2008-03-10,58500.0,,,58500.0,0.0,52500.0,0.10821358464023279
2008-03-11,58500.0,58500.0,0.0,58500.0,0.0,52500.0,0.10821358464023279
2008-03-12,58500.0,58500.0,0.0,58500.0,0.0,52500.0,0.10821358464023279
2008-03-13,58500.0,58500.0,0.0,58500.0,0.0,52500.0,0.10821358464023279
2008-03-14,58500.0,58500.0,0.0,,,58500.0,0.0
2008-03-17,58500.0,,,58500.0,0.0,58500.0,0.0
2008-03-18,58500.0,58500.0,0.0,58500.0,0.0,58500.0,0.0
2008-03-19,58500.0,58500.0,0.0,58500.0,0.0,58500.0,0.0
2008-03-20,58500.0,58500.0,0.0,58500.0,0.0,58500.0,0.0
2008-03-21,58500.0,58500.0,0.0,58500.0,0.0,,
2008-03-24,58500.0,,,58500.0,0.0,58500.0,0.0
2008-03-25,58500.0,58500.0,0.0,58500.0,0.0,58500.0,0.0
2008-03-26,58500.0,58500.0,0.0,58500.0,0.0,58500.0,0.0
2008-03-27,58500.0,58500.0,0.0,58500.0,0.0,58500.0,0.0
2008-03-28,58500.0,58500.0,0.0,58500.0,0.0,58500.0,0.0
2008-03-31,58500.0,,,58500.0,0.0,58500.0,0.0
2008-04-01,58500.0,58500.0,0.0,58500.0,0.0,58500.0,0.0
2008-04-02,58500.0,58500.0,0.0,58500.0,0.0,58500.0,0.0
2008-04-03,58500.0,58500.0,0.0,58500.0,0.0,58500.0,0.0
2008-04-07,58500.0,,,58500.0,0.0,58500.0,0.0
2008-04-08,58500.0,58500.0,0.0,58500.0,0.0,58500.0,0.0
2008-04-09,58500.0,58500.0,0.0,58500.0,0.0,58500.0,0.0
2008-04-10,58500.0,58500.0,0.0,58500.0,0.0,58500.0,0.0
2008-04-11,58500.0,58500.0,0.0,,,58500.0,0.0
2008-04-14,58500.0,,,58500.0,0.0,58500.0,0.0
2008-04-15,58500.0,58500.0,0.0,58500.0,0.0,58500.0,0.0
2008-04-16,58500.0,58500.0,0.0,58500.0,0.0,58500.0,0.0
2008-04-17,58500.0,58500.0,0.0,58500.0,0.0,58500.0,0.0
2008-04-18,58500.0,58500.0,0.0,58500.0,0.0,,
2008-04-21,58500.0,,,58500.0,0.0,58500.0,0.0
2008-04-22,58500.0,58500.0,0.0,58500.0,0.0,58500.0,0.0
2008-04-23,58500.0,58500.0,0.0,58500.0,0.0,58500.0,0.0
2008-04-24,58500.0,58500.0,0.0,58500.0,0.0,58500.0,0.0
2008-04-25,58500.0,58500.0,0.0,58500.0,0.0,58500.0,0.0
2008-04-28,58500.0,,,58500.0,0.0,58500.0,0.0
2008-04-29,58500.0,58500.0,0.0,58500.0,0.0,58500.0,0.0
2008-04-30,58500.0,58500.0,0.0,58500.0,0.0,58500.0,0.0
2008-05-05,58500.0,,,58500.0,0.0,58500.0,0.0
2008-05-06,58500.0,58500.0,0.0,58500.0,0.0,58500.0,0.0
2008-05-07,58500.0,58500.0,0.0,58500.0,0.0,58500.0,0.0
2008-05-08,58500.0,58500.0,0.0,,,58500.0,0.0
2008-05-09,58500.0,58500.0,0.0,,,58500.0,0.0
2008-05-12,58500.0,,,58500.0,0.0,58500.0,0.0
2008-05-13,58500.0,58500.0,0.0,58500.0,0.0,58500.0,0.0
2008-05-14,58500.0,58500.0,0.0,58500.0,0.0,58500.0,0.0
2008-05-15,58500.0,58500.0,0.0,58500.0,0.0,,
2008-05-16,58500.0,58500.0,0.0,58500.0,0.0,,
2008-05-19,58500.0,,,58500.0,0.0,58500.0,0.0
2008-05-20,58500.0,58500.0,0.0,58500.0,0.0,58500.0,0.0
2008-05-21,58500.0,58500.0,0.0,58500.0,0.0,58500.0,0.0
2008-05-22,58500.0,58500.0,0.0,58500.0,0.0,58500.0,0.0
2008-05-23,58500.0,58500.0,0.0,58500.0,0.0,58500.0,0.0
2008-05-26,58500.0,,,58500.0,0.0,58500.0,0.0
2008-05-27,58500.0,58500.0,0.0,58500.0,0.0,58500.0,0.0
2008-05-28,58500.0,58500.0,0.0,58500.0,0.0,58500.0,0.0
2008-05-29,58500.0,58500.0,0.0,58500.0,0.0,58500.0,0.0
2008-05-30,58500.0,58500.0,0.0,58500.0,0.0,58500.0,0.0
2008-06-02,58500.0,,,58500.0,0.0,58500.0,0.0
2008-06-03,58500.0,58500.0,0.0,58500.0,0.0,58500.0,0.0
2008-06-04,58500.0,58500.0,0.0,58500.0,0.0,58500.0,0.0
2008-06-05,58500.0,58500.0,0.0,58500.0,0.0,58500.0,0.0
2008-06-06,58500.0,58500.0,0.0,58500.0,0.0,58500.0,0.0
2008-06-10,58500.0,,,58500.0,0.0,58500.0,0.0
2008-06-11,58500.0,58500.0,0.0,58500.0,0.0,58500.0,0.0
2008-06-12,58500.0,58500.0,0.0,58500.0,0.0,58500.0,0.0
2008-06-13,58500.0,58500.0,0.0,58500.0,0.0,58500.0,0.0
2008-06-16,58500.0,,,,,58500.0,0.0
2008-06-17,58500.0,58500.0,0.0,58500.0,0.0,58500.0,0.0
2008-06-18,58500.0,58500.0,0.0,58500.0,0.0,58500.0,0.0
2008-06-19,60500.0,58500.0,0.033616610798985064,58500.0,0.033616610798985064,58500.0,0.033616610798985064
2008-06-20,60500.0,60500.0,0.0,58500.0,0.033616610798985064,58500.0,0.033616610798985064
2008-06-23,60500.0,,,58500.0,0.033616610798985064,,
2008-06-24,60500.0,60500.0,0.0,58500.0,0.033616610798985064,58500.0,0.033616610798985064
2008-06-25,60500.0,60500.0,0.0,58500.0,0.033616610798985064,58500.0,0.033616610798985064
2008-06-26,60500.0,60500.0,0.0,60500.0,0.0,58500.0,0.033616610798985064
2008-06-27,60500.0,60500.0,0.0,60500.0,0.0,58500.0,0.033616610798985064
2008-06-30,60500.0,,,60500.0,0.0,58500.0,0.033616610798985064
2008-07-01,60500.0,60500.0,0.0,60500.0,0.0,58500.0,0.033616610798985064
2008-07-02,60500.0,60500.0,0.0,60500.0,0.0,58500.0,0.033616610798985064
2008-07-03,60500.0,60500.0,0.0,60500.0,0.0,60500.0,0.0
2008-07-04,60500.0,60500.0,0.0,60500.0,0.0,60500.0,0.0
2008-07-07,60500.0,,,60500.0,0.0,60500.0,0.0
2008-07-08,60500.0,60500.0,0.0,60500.0,0.0,60500.0,0.0
2008-07-09,60500.0,60500.0,0.0,60500.0,0.0,60500.0,0.0
2008-07-10,60500.0,60500.0,0.0,60500.0,0.0,60500.0,0.0
2008-07-11,60500.0,60500.0,0.0,60500.0,0.0,60500.0,0.0
2008-07-14,60500.0,,,60500.0,0.0,60500.0,0.0
2008-07-15,60500.0,60500.0,0.0,60500.0,0.0,60500.0,0.0
2008-07-16,60500.0,60500.0,0.0,60500.0,0.0,60500.0,0.0
2008-07-17,60500.0,60500.0,0.0,60500.0,0.0,60500.0,0.0
2008-07-18,60500.0,60500.0,0.0,60500.0,0.0,60500.0,0.0
2008-07-21,60500.0,,,60500.0,0.0,60500.0,0.0
2008-07-22,60500.0,60500.0,0.0,60500.0,0.0,60500.0,0.0
2008-07-23,60500.0,60500.0,0.0,60500.0,0.0,60500.0,0.0
2008-07-24,60500.0,60500.0,0.0,60500.0,0.0,60500.0,0.0
2008-07-25,60500.0,60500.0,0.0,60500.0,0.0,60500.0,0.0
2008-07-28,60500.0,,,60500.0,0.0,60500.0,0.0
2008-07-29,60500.0,60500.0,0.0,60500.0,0.0,60500.0,0.0
2008-07-30,60500.0,60500.0,0.0,60500.0,0.0,60500.0,0.0
2008-07-31,60500.0,60500.0,0.0,60500.0,0.0,60500.0,0.0
2008-08-01,60500.0,60500.0,0.0,60500.0,0.0,60500.0,0.0
2008-08-04,60500.0,,,60500.0,0.0,60500.0,0.0
2008-08-05,60500.0,60500.0,0.0,60500.0,0.0,60500.0,0.0
2008-08-06,60500.0,60500.0,0.0,60500.0,0.0,60500.0,0.0
2008-08-07,60500.0,60500.0,0.0,60500.0,0.0,60500.0,0.0
2008-08-08,60500.0,60500.0,0.0,60500.0,0.0,60500.0,0.0
2008-08-11,60500.0,,,60500.0,0.0,60500.0,0.0
2008-08-12,60500.0,60500.0,0.0,60500.0,0.0,60500.0,0.0
2008-08-13,60500.0,60500.0,0.0,60500.0,0.0,60500.0,0.0
2008-08-14,60500.0,60500.0,0.0,60500.0,0.0,60500.0,0.0
2008-08-15,60500.0,60500.0,0.0,60500.0,0.0,60500.0,0.0
2008-08-18,60500.0,,,60500.0,0.0,60500.0,0.0
2008-08-19,60500.0,60500.0,0.0,60500.0,0.0,60500.0,0.0
2008-08-20,60500.0,60500.0,0.0,60500.0,0.0,60500.0,0.0
2008-08-21,60500.0,60500.0,0.0,60500.0,0.0,60500.0,0.0
2008-08-22,60500.0,60500.0,0.0,60500.0,0.0,60500.0,0.0
2008-08-25,60500.0,,,60500.0,0.0,60500.0,0.0
2008-08-26,60500.0,60500.0,0.0,60500.0,0.0,60500.0,0.0
2008-08-27,60500.0,60500.0,0.0,60500.0,0.0,60500.0,0.0
2008-08-28,60500.0,60500.0,0.0,60500.0,0.0,60500.0,0.0
2008-08-29,60500.0,60500.0,0.0,60500.0,0.0,60500.0,0.0
2008-09-01,60500.0,,,60500.0,0.0,60500.0,0.0
2008-09-02,60500.0,60500.0,0.0,60500.0,0.0,60500.0,0.0
2008-09-03,60500.0,60500.0,0.0,60500.0,0.0,60500.0,0.0
2008-09-04,60500.0,60500.0,0.0,60500.0,0.0,60500.0,0.0
2008-09-05,60500.0,60500.0,0.0,60500.0,0.0,60500.0,0.0
2008-09-08,60500.0,,,60500.0,0.0,60500.0,0.0
2008-09-09,60500.0,60500.0,0.0,60500.0,0.0,60500.0,0.0
2008-09-10,60500.0,60500.0,0.0,60500.0,0.0,60500.0,0.0
2008-09-11,60500.0,60500.0,0.0,60500.0,0.0,60500.0,0.0
2008-09-12,60500.0,60500.0,0.0,60500.0,0.0,60500.0,0.0
2008-09-16,60500.0,,,60500.0,0.0,60500.0,0.0
2008-09-17,60500.0,60500.0,0.0,60500.0,0.0,60500.0,0.0
2008-09-18,60500.0,60500.0,0.0,60500.0,0.0,60500.0,0.0
2008-09-19,60500.0,60500.0,0.0,60500.0,0.0,60500.0,0.0
2008-09-22,60500.0,,,,,60500.0,0.0
2008-09-23,60500.0,60500.0,0.0,60500.0,0.0,60500.0,0.0
2008-09-24,60500.0,60500.0,0.0,60500.0,0.0,60500.0,0.0
2008-09-25,60500.0,60500.0,0.0,60500.0,0.0,60500.0,0.0
2008-09-26,60500.0,60500.0,0.0,60500.0,0.0,60500.0,0.0
2008-10-06,60500.0,,,,,60500.0,0.0
2008-10-07,60500.0,60500.0,0.0,,,60500.0,0.0
2008-10-08,60500.0,60500.0,0.0,,,60500.0,0.0
2008-10-09,60500.0,60500.0,0.0,,,60500.0,0.0
2008-10-10,60500.0,60500.0,0.0,,,60500.0,0.0
2008-10-13,60500.0,,,60500.0,0.0,,
2008-10-14,60500.0,60500.0,0.0,60500.0,0.0,,
2008-10-15,60500.0,60500.0,0.0,60500.0,0.0,,
2008-10-16,60500.0,60500.0,0.0,60500.0,0.0,,
2008-10-17,60500.0,60500.0,0.0,60500.0,0.0,,
2008-10-20,60500.0,,,60500.0,0.0,60500.0,0.0
2008-10-21,60500.0,60500.0,0.0,60500.0,0.0,60500.0,0.0
2008-10-22,60500.0,60500.0,0.0,60500.0,0.0,60500.0,0.0
2008-10-23,60500.0,60500.0,0.0,60500.0,0.0,60500.0,0.0
2008-10-24,60500.0,60500.0,0.0,60500.0,0.0,60500.0,0.0
2008-10-27,60500.0,,,60500.0,0.0,60500.0,0.0
2008-10-28,60500.0,60500.0,0.0,60500.0,0.0,60500.0,0.0
2008-10-29,60500.0,60500.0,0.0,60500.0,0.0,60500.0,0.0
2008-10-30,60500.0,60500.0,0.0,60500.0,0.0,60500.0,0.0
2008-10-31,60500.0,60500.0,0.0,60500.0,0.0,60500.0,0.0
2008-11-03,60500.0,,,60500.0,0.0,60500.0,0.0
2008-11-04,60500.0,60500.0,0.0,60500.0,0.0,60500.0,0.0
2008-11-05,60500.0,60500.0,0.0,60500.0,0.0,60500.0,0.0
2008-11-06,60500.0,60500.0,0.0,60500.0,0.0,60500.0,0.0
2008-11-07,60500.0,60500.0,0.0,60500.0,0.0,60500.0,0.0
2008-11-10,60500.0,,,60500.0,0.0,60500.0,0.0
2008-11-11,42000.0,60500.0,-0.3649737467534274,60500.0,-0.3649737467534274,60500.0,-0.3649737467534274
2008-11-12,42000.0,42000.0,0.0,60500.0,-0.3649737467534274,60500.0,-0.3649737467534274
2008-11-13,42000.0,42000.0,0.0,60500.0,-0.3649737467534274,60500.0,-0.3649737467534274
2008-11-14,42000.0,42000.0,0.0,60500.0,-0.3649737467534274,60500.0,-0.3649737467534274
2008-11-17,42000.0,,,60500.0,-0.3649737467534274,60500.0,-0.3649737467534274
2008-11-18,42000.0,42000.0,0.0,42000.0,0.0,60500.0,-0.3649737467534274
2008-11-19,42000.0,42000.0,0.0,42000.0,0.0,60500.0,-0.3649737467534274
2008-11-20,42000.0,42000.0,0.0,42000.0,0.0,60500.0,-0.3649737467534274
2008-11-21,42000.0,42000.0,0.0,42000.0,0.0,60500.0,-0.3649737467534274
2008-11-24,42000.0,,,42000.0,0.0,60500.0,-0.3649737467534274
2008-11-25,42000.0,42000.0,0.0,42000.0,0.0,42000.0,0.0
2008-11-26,42000.0,42000.0,0.0,42000.0,0.0,42000.0,0.0
2008-11-27,42000.0,42000.0,0.0,42000.0,0.0,42000.0,0.0
2008-11-28,42000.0,42000.0,0.0,42000.0,0.0,42000.0,0.0
2008-12-01,42000.0,,,42000.0,0.0,42000.0,0.0
2008-12-02,42000.0,42000.0,0.0,42000.0,0.0,42000.0,0.0
2008-12-03,42000.0,42000.0,0.0,42000.0,0.0,42000.0,0.0
2008-12-04,42000.0,42000.0,0.0,42000.0,0.0,42000.0,0.0
2008-12-05,42000.0,42000.0,0.0,42000.0,0.0,42000.0,0.0
2008-12-08,42000.0,,,42000.0,0.0,42000.0,0.0
2008-12-09,42000.0,42000.0,0.0,42000.0,0.0,42000.0,0.0
2008-12-10,42000.0,42000.0,0.0,42000.0,0.0,42000.0,0.0
2008-12-11,42000.0,42000.0,0.0,42000.0,0.0,42000.0,0.0
2008-12-12,42000.0,42000.0,0.0,42000.0,0.0,42000.0,0.0
2008-12-15,42000.0,,,42000.0,0.0,42000.0,0.0
2008-12-16,42000.0,42000.0,0.0,42000.0,0.0,42000.0,0.0
2008-12-17,42000.0,42000.0,0.0,42000.0,0.0,42000.0,0.0
2008-12-18,42000.0,42000.0,0.0,42000.0,0.0,42000.0,0.0
2008-12-19,42000.0,42000.0,0.0,42000.0,0.0,42000.0,0.0
2008-12-22,42000.0,,,42000.0,0.0,42000.0,0.0
2008-12-23,42000.0,42000.0,0.0,42000.0,0.0,42000.0,0.0
2008-12-24,42000.0,42000.0,0.0,42000.0,0.0,42000.0,0.0
2008-12-25,42000.0,42000.0,0.0,42000.0,0.0,42000.0,0.0
2008-12-26,39000.0,42000.0,-0.07410797215372185,42000.0,-0.07410797215372185,42000.0,-0.07410797215372185
2008-12-29,39000.0,,,42000.0,-0.07410797215372185,42000.0,-0.07410797215372185
2008-12-30,39000.0,39000.0,0.0,42000.0,-0.07410797215372185,42000.0,-0.07410797215372185
2008-12-31,39000.0,39000.0,0.0,42000.0,-0.07410797215372185,42000.0,-0.07410797215372185
2009-01-05,39000.0,,,39000.0,0.0,42000.0,-0.07410797215372185
2009-01-06,39000.0,39000.0,0.0,39000.0,0.0,42000.0,-0.07410797215372185
2009-01-07,39000.0,39000.0,0.0,39000.0,0.0,42000.0,-0.07410797215372185
2009-01-08,39000.0,39000.0,0.0,,,42000.0,-0.07410797215372185
2009-01-09,39000.0,39000.0,0.0,,,39000.0,0.0
2009-01-12,39000.0,,,39000.0,0.0,39000.0,0.0
2009-01-13,39000.0,39000.0,0.0,39000.0,0.0,39000.0,0.0
2009-01-14,39000.0,39000.0,0.0,39000.0,0.0,39000.0,0.0
2009-01-15,39000.0,39000.0,0.0,39000.0,0.0,,
2009-01-16,40500.0,39000.0,0.03774032798284711,39000.0,0.03774032798284711,,
2009-01-19,40500.0,,,39000.0,0.03774032798284711,39000.0,0.03774032798284711
2009-01-20,40500.0,40500.0,0.0,39000.0,0.03774032798284711,39000.0,0.03774032798284711
2009-01-21,40500.0,40500.0,0.0,39000.0,0.03774032798284711,39000.0,0.03774032798284711
2009-01-22,40500.0,40500.0,0.0,39000.0,0.03774032798284711,39000.0,0.03774032798284711
2009-01-23,40500.0,40500.0,0.0,40500.0,0.0,39000.0,0.03774032798284711
2009-02-02,40500.0,,,,,40500.0,0.0
2009-02-03,40500.0,40500.0,0.0,,,40500.0,0.0
2009-02-04,40500.0,40500.0,0.0,,,40500.0,0.0
2009-02-05,40500.0,40500.0,0.0,,,40500.0,0.0
2009-02-06,40500.0,40500.0,0.0,,,40500.0,0.0
2009-02-09,40500.0,,,40500.0,0.0,,
2009-02-10,40500.0,40500.0,0.0,40500.0,0.0,,
2009-02-11,40500.0,40500.0,0.0,40500.0,0.0,,
2009-02-12,40500.0,40500.0,0.0,40500.0,0.0,,
2009-02-13,40500.0,40500.0,0.0,40500.0,0.0,,
2009-02-16,40500.0,,,40500.0,0.0,40500.0,0.0
2009-02-17,40500.0,40500.0,0.0,40500.0,0.0,40500.0,0.0
2009-02-18,40500.0,40500.0,0.0,40500.0,0.0,40500.0,0.0
2009-02-19,40500.0,40500.0,0.0,40500.0,0.0,40500.0,0.0
2009-02-20,40500.0,40500.0,0.0,40500.0,0.0,40500.0,0.0
2009-02-23,40500.0,,,40500.0,0.0,40500.0,0.0
2009-02-24,40500.0,40500.0,0.0,40500.0,0.0,40500.0,0.0
2009-02-25,40500.0,40500.0,0.0,40500.0,0.0,40500.0,0.0
2009-02-26,40500.0,40500.0,0.0,40500.0,0.0,40500.0,0.0
2009-02-27,40500.0,40500.0,0.0,40500.0,0.0,40500.0,0.0
2009-03-02,40500.0,,,40500.0,0.0,40500.0,0.0
2009-03-03,40500.0,40500.0,0.0,40500.0,0.0,40500.0,0.0
2009-03-04,40500.0,40500.0,0.0,40500.0,0.0,40500.0,0.0
2009-03-05,40500.0,40500.0,0.0,40500.0,0.0,40500.0,0.0
2009-03-06,40500.0,40500.0,0.0,40500.0,0.0,40500.0,0.0
2009-03-09,40500.0,,,40500.0,0.0,40500.0,0.0
2009-03-10,40500.0,40500.0,0.0,40500.0,0.0,40500.0,0.0
2009-03-11,40500.0,40500.0,0.0,40500.0,0.0,40500.0,0.0
2009-03-12,40500.0,40500.0,0.0,40500.0,0.0,40500.0,0.0
2009-03-13,40500.0,40500.0,0.0,40500.0,0.0,40500.0,0.0
2009-03-16,40500.0,,,40500.0,0.0,40500.0,0.0
2009-03-17,40500.0,40500.0,0.0,40500.0,0.0,40500.0,0.0
2009-03-18,40500.0,40500.0,0.0,40500.0,0.0,40500.0,0.0
2009-03-19,40500.0,40500.0,0.0,40500.0,0.0,40500.0,0.0
2009-03-20,40500.0,40500.0,0.0,40500.0,0.0,40500.0,0.0
2009-03-23,40500.0,,,40500.0,0.0,40500.0,0.0
2009-03-24,40500.0,40500.0,0.0,40500.0,0.0,40500.0,0.0
2009-03-25,40500.0,40500.0,0.0,40500.0,0.0,40500.0,0.0
2009-03-26,40500.0,40500.0,0.0,40500.0,0.0,40500.0,0.0
2009-03-27,40500.0,40500.0,0.0,40500.0,0.0,40500.0,0.0
2009-03-30,40500.0,,,40500.0,0.0,40500.0,0.0
2009-03-31,40500.0,40500.0,0.0,40500.0,0.0,40500.0,0.0
2009-04-01,40500.0,40500.0,0.0,40500.0,0.0,40500.0,0.0
2009-04-02,40500.0,40500.0,0.0,40500.0,0.0,40500.0,0.0
2009-04-03,40500.0,40500.0,0.0,40500.0,0.0,40500.0,0.0
2009-04-07,40500.0,,,40500.0,0.0,40500.0,0.0
2009-04-08,40500.0,40500.0,0.0,40500.0,0.0,40500.0,0.0
2009-04-09,40500.0,40500.0,0.0,40500.0,0.0,40500.0,0.0
2009-04-10,40500.0,40500.0,0.0,40500.0,0.0,40500.0,0.0
2009-04-13,40500.0,,,,,40500.0,0.0
2009-04-14,40500.0,40500.0,0.0,40500.0,0.0,40500.0,0.0
2009-04-15,40500.0,40500.0,0.0,40500.0,0.0,40500.0,0.0
2009-04-16,40500.0,40500.0,0.0,40500.0,0.0,40500.0,0.0
2009-04-17,40500.0,40500.0,0.0,40500.0,0.0,40500.0,0.0
2009-04-20,40500.0,,,40500.0,0.0,,
2009-04-21,40500.0,40500.0,0.0,40500.0,0.0,40500.0,0.0
2009-04-22,40500.0,40500.0,0.0,40500.0,0.0,40500.0,0.0
2009-04-23,40500.0,40500.0,0.0,40500.0,0.0,40500.0,0.0
2009-04-24,40500.0,40500.0,0.0,40500.0,0.0,40500.0,0.0
2009-04-27,40500.0,,,40500.0,0.0,40500.0,0.0
2009-04-28,40500.0,40500.0,0.0,40500.0,0.0,40500.0,0.0
2009-04-29,40500.0,40500.0,0.0,40500.0,0.0,40500.0,0.0
2009-04-30,42000.0,40500.0,0.03636764417087479,40500.0,0.03636764417087479,40500.0,0.03636764417087479
2009-05-04,42000.0,,,40500.0,0.03636764417087479,40500.0,0.03636764417087479
2009-05-05,42000.0,42000.0,0.0,40500.0,0.03636764417087479,40500.0,0.03636764417087479
2009-05-06,42000.0,42000.0,0.0,40500.0,0.03636764417087479,40500.0,0.03636764417087479
2009-05-07,42000.0,42000.0,0.0,42000.0,0.0,40500.0,0.03636764417087479
2009-05-08,42000.0,42000.0,0.0,,,40500.0,0.03636764417087479
2009-05-11,42000.0,,,42000.0,0.0,40500.0,0.03636764417087479
2009-05-12,42000.0,42000.0,0.0,42000.0,0.0,40500.0,0.03636764417087479
2009-05-13,42000.0,42000.0,0.0,42000.0,0.0,40500.0,0.03636764417087479
2009-05-14,42000.0,42000.0,0.0,42000.0,0.0,42000.0,0.0
2009-05-15,42000.0,42000.0,0.0,42000.0,0.0,,
2009-05-18,42000.0,,,42000.0,0.0,42000.0,0.0
2009-05-19,42000.0,42000.0,0.0,42000.0,0.0,42000.0,0.0
2009-05-20,42000.0,42000.0,0.0,42000.0,0.0,42000.0,0.0
2009-05-21,42000.0,42000.0,0.0,42000.0,0.0,42000.0,0.0
2009-05-22,42000.0,42000.0,0.0,42000.0,0.0,42000.0,0.0
2009-05-25,42000.0,,,42000.0,0.0,42000.0,0.0
2009-05-26,42000.0,42000.0,0.0,42000.0,0.0,42000.0,0.0
2009-05-27,42000.0,42000.0,0.0,42000.0,0.0,42000.0,0.0
2009-06-01,42000.0,,,42000.0,0.0,42000.0,0.0
2009-06-02,42000.0,42000.0,0.0,42000.0,0.0,42000.0,0.0
2009-06-03,42000.0,42000.0,0.0,42000.0,0.0,42000.0,0.0
2009-06-04,42000.0,42000.0,0.0,,,42000.0,0.0
2009-06-05,42000.0,42000.0,0.0,,,42000.0,0.0
2009-06-08,42000.0,,,42000.0,0.0,42000.0,0.0
2009-06-09,42000.0,42000.0,0.0,42000.0,0.0,42000.0,0.0
2009-06-10,42000.0,42000.0,0.0,42000.0,0.0,42000.0,0.0
2009-06-11,42000.0,42000.0,0.0,42000.0,0.0,,
2009-06-12,42000.0,42000.0,0.0,42000.0,0.0,,
2009-06-15,42000.0,,,42000.0,0.0,42000.0,0.0
2009-06-16,42000.0,42000.0,0.0,42000.0,0.0,42000.0,0.0
2009-06-17,42000.0,42000.0,0.0,42000.0,0.0,42000.0,0.0
2009-06-18,42000.0,42000.0,0.0,42000.0,0.0,42000.0,0.0
2009-06-19,42000.0,42000.0,0.0,42000.0,0.0,42000.0,0.0
2009-06-22,42000.0,,,42000.0,0.0,42000.0,0.0
2009-06-23,42000.0,42000.0,0.0,42000.0,0.0,42000.0,0.0
2009-06-24,42000.0,42000.0,0.0,42000.0,0.0,42000.0,0.0
2009-06-25,42000.0,42000.0,0.0,42000.0,0.0,42000.0,0.0
2009-06-26,42500.0,42000.0,0.011834457647002798,42000.0,0.011834457647002798,42000.0,0.011834457647002798
2009-06-29,42500.0,,,42000.0,0.011834457647002798,42000.0,0.011834457647002798
2009-06-30,42500.0,42500.0,0.0,42000.0,0.011834457647002798,42000.0,0.011834457647002798
2009-07-01,42500.0,42500.0,0.0,42000.0,0.011834457647002798,42000.0,0.011834457647002798
2009-07-02,42500.0,42500.0,0.0,42000.0,0.011834457647002798,42000.0,0.011834457647002798
2009-07-03,42500.0,42500.0,0.0,42500.0,0.0,42000.0,0.011834457647002798
2009-07-06,42500.0,,,42500.0,0.0,42000.0,0.011834457647002798
2009-07-07,42500.0,42500.0,0.0,42500.0,0.0,42000.0,0.011834457647002798
2009-07-08,42500.0,42500.0,0.0,42500.0,0.0,42000.0,0.011834457647002798
2009-07-09,42500.0,42500.0,0.0,42500.0,0.0,42000.0,0.011834457647002798
2009-07-10,42500.0,42500.0,0.0,42500.0,0.0,42500.0,0.0
2009-07-13,42500.0,,,42500.0,0.0,42500.0,0.0
2009-07-14,42500.0,42500.0,0.0,42500.0,0.0,42500.0,0.0
2009-07-15,42500.0,42500.0,0.0,42500.0,0.0,42500.0,0.0
2009-07-16,42500.0,42500.0,0.0,42500.0,0.0,42500.0,0.0
2009-07-17,42500.0,42500.0,0.0,42500.0,0.0,42500.0,0.0
2009-07-20,42500.0,,,42500.0,0.0,42500.0,0.0
2009-07-21,42500.0,42500.0,0.0,42500.0,0.0,42500.0,0.0
2009-07-22,42500.0,42500.0,0.0,42500.0,0.0,42500.0,0.0
2009-07-23,42500.0,42500.0,0.0,42500.0,0.0,42500.0,0.0
2009-07-24,42500.0,42500.0,0.0,42500.0,0.0,42500.0,0.0
2009-07-27,42500.0,,,42500.0,0.0,42500.0,0.0
2009-07-28,42500.0,42500.0,0.0,42500.0,0.0,42500.0,0.0
2009-07-29,42500.0,42500.0,0.0,42500.0,0.0,42500.0,0.0
2009-07-30,42500.0,42500.0,0.0,42500.0,0.0,42500.0,0.0
2009-07-31,42500.0,42500.0,0.0,42500.0,0.0,42500.0,0.0
2009-08-03,42500.0,,,42500.0,0.0,42500.0,0.0
2009-08-04,42500.0,42500.0,0.0,42500.0,0.0,42500.0,0.0
2009-08-05,42500.0,42500.0,0.0,42500.0,0.0,42500.0,0.0
2009-08-06,42500.0,42500.0,0.0,42500.0,0.0,42500.0,0.0
2009-08-07,42500.0,42500.0,0.0,42500.0,0.0,42500.0,0.0
2009-08-10,42500.0,,,42500.0,0.0,42500.0,0.0
2009-08-11,42500.0,42500.0,0.0,42500.0,0.0,42500.0,0.0
2009-08-12,42500.0,42500.0,0.0,42500.0,0.0,42500.0,0.0
2009-08-13,42500.0,42500.0,0.0,42500.0,0.0,42500.0,0.0
2009-08-14,42500.0,42500.0,0.0,42500.0,0.0,42500.0,0.0
2009-08-17,42500.0,,,42500.0,0.0,42500.0,0.0
2009-08-18,42500.0,42500.0,0.0,42500.0,0.0,42500.0,0.0
2009-08-19,42500.0,42500.0,0.0,42500.0,0.0,42500.0,0.0
2009-08-20,42500.0,42500.0,0.0,42500.0,0.0,42500.0,0.0
2009-08-21,42500.0,42500.0,0.0,42500.0,0.0,42500.0,0.0
2009-08-24,42500.0,,,42500.0,0.0,42500.0,0.0
2009-08-25,42500.0,42500.0,0.0,42500.0,0.0,42500.0,0.0
2009-08-26,42500.0,42500.0,0.0,42500.0,0.0,42500.0,0.0
2009-08-27,42500.0,42500.0,0.0,42500.0,0.0,42500.0,0.0
2009-08-28,42500.0,42500.0,0.0,42500.0,0.0,42500.0,0.0
2009-08-31,42500.0,,,42500.0,0.0,42500.0,0.0
2009-09-01,42500.0,42500.0,0.0,42500.0,0.0,42500.0,0.0
2009-09-02,42500.0,42500.0,0.0,42500.0,0.0,42500.0,0.0
2009-09-04,42500.0,,,42500.0,0.0,42500.0,0.0
2009-09-07,42500.0,,,42500.0,0.0,42500.0,0.0
2009-09-08,42500.0,42500.0,0.0,42500.0,0.0,42500.0,0.0
2009-09-09,42500.0,42500.0,0.0,42500.0,0.0,42500.0,0.0
2009-09-10,42500.0,42500.0,0.0,,,42500.0,0.0
2009-09-11,42500.0,42500.0,0.0,42500.0,0.0,42500.0,0.0
2009-09-14,42500.0,,,42500.0,0.0,42500.0,0.0
2009-09-15,42500.0,42500.0,0.0,42500.0,0.0,42500.0,0.0
2009-09-16,42500.0,42500.0,0.0,42500.0,0.0,42500.0,0.0
2009-09-17,42500.0,42500.0,0.0,42500.0,0.0,,
2009-09-18,42500.0,42500.0,0.0,42500.0,0.0,42500.0,0.0
2009-09-21,42500.0,,,42500.0,0.0,42500.0,0.0
2009-09-22,42500.0,42500.0,0.0,42500.0,0.0,42500.0,0.0
2009-09-23,42500.0,42500.0,0.0,42500.0,0.0,42500.0,0.0
2009-09-24,42500.0,42500.0,0.0,42500.0,0.0,42500.0,0.0
2009-09-25,42500.0,42500.0,0.0,42500.0,0.0,42500.0,0.0
2009-09-28,42500.0,,,42500.0,0.0,42500.0,0.0
2009-09-29,42500.0,42500.0,0.0,42500.0,0.0,42500.0,0.0
2009-09-30,42500.0,42500.0,0.0,42500.0,0.0,42500.0,0.0
2009-10-09,42500.0,,,,,42500.0,0.0
2009-10-12,42500.0,,,,,42500.0,0.0
2009-10-13,42500.0,42500.0,0.0,,,42500.0,0.0
2009-10-14,42500.0,42500.0,0.0,,,42500.0,0.0
2009-10-15,42500.0,42500.0,0.0,,,,
2009-10-16,42500.0,42500.0,0.0,42500.0,0.0,,
2009-10-19,42500.0,,,42500.0,0.0,,
2009-10-20,42500.0,42500.0,0.0,42500.0,0.0,,
2009-10-21,42500.0,42500.0,0.0,42500.0,0.0,,
2009-10-22,42500.0,42500.0,0.0,42500.0,0.0,,
2009-10-23,42500.0,42500.0,0.0,42500.0,0.0,42500.0,0.0
2009-10-26,42500.0,,,42500.0,0.0,42500.0,0.0
2009-10-27,42500.0,42500.0,0.0,42500.0,0.0,42500.0,0.0
2009-10-28,42500.0,42500.0,0.0,42500.0,0.0,42500.0,0.0
2009-10-29,42500.0,42500.0,0.0,42500.0,0.0,42500.0,0.0
2009-10-30,42500.0,42500.0,0.0,42500.0,0.0,42500.0,0.0
2009-11-02,42500.0,,,42500.0,0.0,42500.0,0.0
2009-11-03,42500.0,42500.0,0.0,42500.0,0.0,42500.0,0.0
2009-11-04,42500.0,42500.0,0.0,42500.0,0.0,42500.0,0.0
2009-11-05,42500.0,42500.0,0.0,42500.0,0.0,42500.0,0.0
2009-11-06,42500.0,42500.0,0.0,42500.0,0.0,42500.0,0.0
2009-11-09,42500.0,,,42500.0,0.0,42500.0,0.0
2009-11-10,42500.0,42500.0,0.0,42500.0,0.0,42500.0,0.0
2009-11-11,42500.0,42500.0,0.0,42500.0,0.0,42500.0,0.0
2009-11-12,42500.0,42500.0,0.0,42500.0,0.0,42500.0,0.0
2009-11-13,42500.0,42500.0,0.0,42500.0,0.0,42500.0,0.0
2009-11-16,42500.0,,,42500.0,0.0,42500.0,0.0
2009-11-17,42500.0,42500.0,0.0,42500.0,0.0,42500.0,0.0
2009-11-18,42500.0,42500.0,0.0,42500.0,0.0,42500.0,0.0
2009-11-19,42500.0,42500.0,0.0,42500.0,0.0,42500.0,0.0
2009-11-20,42500.0,42500.0,0.0,42500.0,0.0,42500.0,0.0
2009-11-23,42500.0,,,42500.0,0.0,42500.0,0.0
2009-11-24,42500.0,42500.0,0.0,42500.0,0.0,42500.0,0.0
2009-11-25,42500.0,42500.0,0.0,42500.0,0.0,42500.0,0.0
2009-11-26,42500.0,42500.0,0.0,42500.0,0.0,42500.0,0.0
2009-11-27,42500.0,42500.0,0.0,42500.0,0.0,42500.0,0.0
2009-11-30,42500.0,,,42500.0,0.0,42500.0,0.0
2009-12-01,42500.0,42500.0,0.0,42500.0,0.0,42500.0,0.0
2009-12-02,42500.0,42500.0,0.0,42500.0,0.0,42500.0,0.0
2009-12-03,42500.0,42500.0,0.0,42500.0,0.0,42500.0,0.0
2009-12-04,42500.0,42500.0,0.0,42500.0,0.0,42500.0,0.0
2009-12-07,42500.0,,,42500.0,0.0,42500.0,0.0
2009-12-08,42500.0,42500.0,0.0,42500.0,0.0,42500.0,0.0
2009-12-09,42500.0,42500.0,0.0,42500.0,0.0,42500.0,0.0
2009-12-10,42500.0,42500.0,0.0,42500.0,0.0,42500.0,0.0
2009-12-11,42500.0,42500.0,0.0,42500.0,0.0,42500.0,0.0
2009-12-14,42500.0,,,42500.0,0.0,42500.0,0.0
2009-12-15,42500.0,42500.0,0.0,42500.0,0.0,42500.0,0.0
2009-12-16,42500.0,42500.0,0.0,42500.0,0.0,42500.0,0.0
2009-12-17,42500.0,42500.0,0.0,42500.0,0.0,42500.0,0.0
2009-12-18,42500.0,42500.0,0.0,42500.0,0.0,42500.0,0.0
2009-12-21,42500.0,,,42500.0,0.0,42500.0,0.0
2009-12-22,42500.0,42500.0,0.0,42500.0,0.0,42500.0,0.0
2009-12-23,42500.0,42500.0,0.0,42500.0,0.0,42500.0,0.0
2009-12-24,42500.0,42500.0,0.0,42500.0,0.0,42500.0,0.0
2009-12-25,42500.0,42500.0,0.0,42500.0,0.0,42500.0,0.0
2009-12-28,42500.0,,,42500.0,0.0,42500.0,0.0
2009-12-29,42500.0,42500.0,0.0,42500.0,0.0,42500.0,0.0
2009-12-30,42500.0,42500.0,0.0,42500.0,0.0,42500.0,0.0
2009-12-31,42500.0,42500.0,0.0,42500.0,0.0,42500.0,0.0
2010-01-04,42500.0,,,42500.0,0.0,42500.0,0.0
2010-01-05,42500.0,42500.0,0.0,42500.0,0.0,42500.0,0.0
2010-01-06,42500.0,42500.0,0.0,42500.0,0.0,42500.0,0.0
2010-01-07,42500.0,42500.0,0.0,42500.0,0.0,42500.0,0.0
2010-01-08,42500.0,42500.0,0.0,,,42500.0,0.0
2010-01-11,42500.0,,,42500.0,0.0,42500.0,0.0
2010-01-12,42500.0,42500.0,0.0,42500.0,0.0,42500.0,0.0
2010-01-13,42500.0,42500.0,0.0,42500.0,0.0,42500.0,0.0
2010-01-14,42500.0,42500.0,0.0,42500.0,0.0,42500.0,0.0
2010-01-15,42500.0,42500.0,0.0,42500.0,0.0,,
2010-01-18,42500.0,,,42500.0,0.0,42500.0,0.0
2010-01-19,42500.0,42500.0,0.0,42500.0,0.0,42500.0,0.0
2010-01-20,42500.0,42500.0,0.0,42500.0,0.0,42500.0,0.0
2010-01-21,42500.0,42500.0,0.0,42500.0,0.0,42500.0,0.0
2010-01-22,42500.0,42500.0,0.0,42500.0,0.0,42500.0,0.0
2010-01-25,42500.0,,,42500.0,0.0,42500.0,0.0
2010-01-26,42500.0,42500.0,0.0,42500.0,0.0,42500.0,0.0
2010-01-27,42500.0,42500.0,0.0,42500.0,0.0,42500.0,0.0
2010-01-28,42500.0,42500.0,0.0,42500.0,0.0,42500.0,0.0
2010-01-29,42500.0,42500.0,0.0,42500.0,0.0,42500.0,0.0
2010-02-01,42500.0,,,42500.0,0.0,42500.0,0.0
2010-02-02,42500.0,42500.0,0.0,42500.0,0.0,42500.0,0.0
2010-02-03,42500.0,42500.0,0.0,42500.0,0.0,42500.0,0.0
2010-02-04,42500.0,42500.0,0.0,42500.0,0.0,42500.0,0.0
2010-02-05,42500.0,42500.0,0.0,42500.0,0.0,42500.0,0.0
2010-02-08,42500.0,,,42500.0,0.0,42500.0,0.0
2010-02-09,42500.0,42500.0,0.0,42500.0,0.0,42500.0,0.0
2010-02-10,42500.0,42500.0,0.0,42500.0,0.0,42500.0,0.0
2010-02-11,42500.0,42500.0,0.0,42500.0,0.0,42500.0,0.0
2010-02-12,42500.0,42500.0,0.0,42500.0,0.0,42500.0,0.0
2010-02-22,42500.0,,,,,42500.0,0.0
2010-02-23,42500.0,42500.0,0.0,,,42500.0,0.0
2010-02-24,42500.0,42500.0,0.0,,,42500.0,0.0
2010-02-25,42500.0,42500.0,0.0,,,42500.0,0.0
2010-02-26,42500.0,42500.0,0.0,,,42500.0,0.0
2010-03-01,42500.0,,,42500.0,0.0,,
2010-03-02,42500.0,42500.0,0.0,42500.0,0.0,,
2010-03-03,42500.0,42500.0,0.0,42500.0,0.0,,
2010-03-04,42500.0,42500.0,0.0,42500.0,0.0,,
2010-03-05,42500.0,42500.0,0.0,42500.0,0.0,,
2010-03-08,42500.0,,,42500.0,0.0,42500.0,0.0
2010-03-09,42500.0,42500.0,0.0,42500.0,0.0,42500.0,0.0
2010-03-10,42500.0,42500.0,0.0,42500.0,0.0,42500.0,0.0
2010-03-11,42500.0,42500.0,0.0,42500.0,0.0,42500.0,0.0
2010-03-12,42500.0,42500.0,0.0,42500.0,0.0,42500.0,0.0
2010-03-15,42500.0,,,42500.0,0.0,42500.0,0.0
2010-03-16,42500.0,42500.0,0.0,42500.0,0.0,42500.0,0.0
2010-03-17,42500.0,42500.0,0.0,42500.0,0.0,42500.0,0.0
2010-03-18,42500.0,42500.0,0.0,42500.0,0.0,42500.0,0.0
2010-03-19,42500.0,42500.0,0.0,42500.0,0.0,42500.0,0.0
2010-03-22,42500.0,,,42500.0,0.0,42500.0,0.0
2010-03-23,42500.0,42500.0,0.0,42500.0,0.0,42500.0,0.0
2010-03-24,42500.0,42500.0,0.0,42500.0,0.0,42500.0,0.0
2010-03-25,42500.0,42500.0,0.0,42500.0,0.0,42500.0,0.0
2010-03-26,42500.0,42500.0,0.0,42500.0,0.0,42500.0,0.0
2010-03-29,42500.0,,,42500.0,0.0,42500.0,0.0
2010-03-30,42500.0,42500.0,0.0,42500.0,0.0,42500.0,0.0
2010-03-31,42500.0,42500.0,0.0,42500.0,0.0,42500.0,0.0
2010-04-01,42500.0,42500.0,0.0,42500.0,0.0,42500.0,0.0
2010-04-02,42500.0,42500.0,0.0,42500.0,0.0,42500.0,0.0
2010-04-06,42500.0,,,42500.0,0.0,42500.0,0.0
2010-04-07,42500.0,42500.0,0.0,42500.0,0.0,42500.0,0.0
2010-04-09,42500.0,,,42500.0,0.0,42500.0,0.0
2010-04-12,42500.0,,,,,42500.0,0.0
2010-04-13,42500.0,42500.0,0.0,42500.0,0.0,42500.0,0.0
2010-04-14,42500.0,42500.0,0.0,42500.0,0.0,42500.0,0.0
2010-04-15,42500.0,42500.0,0.0,,,42500.0,0.0
2010-04-16,42500.0,42500.0,0.0,42500.0,0.0,42500.0,0.0
2010-04-19,42500.0,,,42500.0,0.0,,
2010-04-20,42500.0,42500.0,0.0,42500.0,0.0,42500.0,0.0
2010-04-22,42500.0,,,42500.0,0.0,,
2010-04-23,42500.0,42500.0,0.0,42500.0,0.0,42500.0,0.0
2010-04-26,42500.0,,,42500.0,0.0,42500.0,0.0
2010-04-27,42500.0,42500.0,0.0,42500.0,0.0,42500.0,0.0
2010-04-28,42500.0,42500.0,0.0,,,42500.0,0.0
2010-04-29,42500.0,42500.0,0.0,42500.0,0.0,42500.0,0.0
2010-04-30,40500.0,42500.0,-0.04820210181787775,42500.0,-0.04820210181787775,42500.0,-0.04820210181787775
2010-05-04,40500.0,,,42500.0,-0.04820210181787775,42500.0,-0.04820210181787775
2010-05-05,40500.0,40500.0,0.0,42500.0,-0.04820210181787775,,
2010-05-06,40500.0,40500.0,0.0,42500.0,-0.04820210181787775,42500.0,-0.04820210181787775
2010-05-07,40500.0,40500.0,0.0,40500.0,0.0,42500.0,-0.04820210181787775
2010-05-10,40500.0,,,,,42500.0,-0.04820210181787775
2010-05-11,40500.0,40500.0,0.0,40500.0,0.0,42500.0,-0.04820210181787775
2010-05-12,40500.0,40500.0,0.0,40500.0,0.0,42500.0,-0.04820210181787775
2010-05-13,40500.0,40500.0,0.0,40500.0,0.0,42500.0,-0.04820210181787775
2010-05-14,40500.0,40500.0,0.0,40500.0,0.0,40500.0,0.0
2010-05-17,40500.0,,,40500.0,0.0,,
2010-05-18,40500.0,40500.0,0.0,40500.0,0.0,40500.0,0.0
2010-05-19,40500.0,40500.0,0.0,40500.0,0.0,40500.0,0.0
2010-05-20,40500.0,40500.0,0.0,40500.0,0.0,40500.0,0.0
2010-05-21,40500.0,40500.0,0.0,40500.0,0.0,40500.0,0.0
2010-05-24,40500.0,,,40500.0,0.0,40500.0,0.0
2010-05-25,40500.0,40500.0,0.0,40500.0,0.0,40500.0,0.0
2010-05-26,40500.0,40500.0,0.0,40500.0,0.0,40500.0,0.0
2010-05-27,40500.0,40500.0,0.0,40500.0,0.0,40500.0,0.0
2010-05-28,40500.0,40500.0,0.0,40500.0,0.0,40500.0,0.0
2010-05-31,40500.0,,,40500.0,0.0,40500.0,0.0
2010-06-01,40500.0,40500.0,0.0,40500.0,0.0,40500.0,0.0
2010-06-02,40500.0,40500.0,0.0,40500.0,0.0,40500.0,0.0
2010-06-03,40500.0,40500.0,0.0,40500.0,0.0,40500.0,0.0
2010-06-04,40500.0,40500.0,0.0,40500.0,0.0,40500.0,0.0
2010-06-07,40500.0,,,40500.0,0.0,40500.0,0.0
2010-06-08,40500.0,40500.0,0.0,40500.0,0.0,40500.0,0.0
2010-06-09,40500.0,40500.0,0.0,40500.0,0.0,40500.0,0.0
2010-06-10,40500.0,40500.0,0.0,40500.0,0.0,40500.0,0.0
2010-06-11,40500.0,40500.0,0.0,40500.0,0.0,40500.0,0.0
2010-06-17,40500.0,,,40500.0,0.0,40500.0,0.0
2010-06-18,40500.0,40500.0,0.0,40500.0,0.0,40500.0,0.0
2010-06-21,40500.0,,,,,40500.0,0.0
2010-06-22,40500.0,40500.0,0.0,,,40500.0,0.0
2010-06-23,40500.0,40500.0,0.0,,,40500.0,0.0
2010-06-24,40500.0,40500.0,0.0,40500.0,0.0,40500.0,0.0
2010-06-25,40500.0,40500.0,0.0,40500.0,0.0,40500.0,0.0
2010-06-28,40500.0,,,40500.0,0.0,,
2010-06-29,40500.0,40500.0,0.0,40500.0,0.0,,
2010-06-30,40500.0,40500.0,0.0,40500.0,0.0,,
2010-07-01,40500.0,40500.0,0.0,40500.0,0.0,40500.0,0.0
2010-07-02,40500.0,40500.0,0.0,40500.0,0.0,40500.0,0.0
2010-07-05,40500.0,,,40500.0,0.0,40500.0,0.0
2010-07-06,40500.0,40500.0,0.0,40500.0,0.0,40500.0,0.0
2010-07-07,40500.0,40500.0,0.0,40500.0,0.0,40500.0,0.0
2010-07-08,40500.0,40500.0,0.0,40500.0,0.0,40500.0,0.0
2010-07-09,40500.0,40500.0,0.0,40500.0,0.0,40500.0,0.0
2010-07-12,40500.0,,,40500.0,0.0,40500.0,0.0
2010-07-13,40500.0,40500.0,0.0,40500.0,0.0,40500.0,0.0
2010-07-14,40500.0,40500.0,0.0,40500.0,0.0,40500.0,0.0
2010-07-15,40500.0,40500.0,0.0,40500.0,0.0,40500.0,0.0
2010-07-16,40500.0,40500.0,0.0,40500.0,0.0,40500.0,0.0
2010-07-19,40500.0,,,40500.0,0.0,40500.0,0.0
2010-07-20,40500.0,40500.0,0.0,40500.0,0.0,40500.0,0.0
2010-07-21,39000.0,40500.0,-0.037740327982847086,40500.0,-0.037740327982847086,40500.0,-0.037740327982847086
2010-07-22,39000.0,39000.0,0.0,40500.0,-0.037740327982847086,40500.0,-0.037740327982847086
2010-07-23,39000.0,39000.0,0.0,40500.0,-0.037740327982847086,40500.0,-0.037740327982847086
2010-07-26,39000.0,,,40500.0,-0.037740327982847086,40500.0,-0.037740327982847086
2010-07-27,39000.0,39000.0,0.0,40500.0,-0.037740327982847086,40500.0,-0.037740327982847086
2010-07-28,39000.0,39000.0,0.0,39000.0,0.0,40500.0,-0.037740327982847086
2010-07-29,39000.0,39000.0,0.0,39000.0,0.0,40500.0,-0.037740327982847086
2010-07-30,39000.0,39000.0,0.0,39000.0,0.0,40500.0,-0.037740327982847086
2010-08-02,39000.0,,,39000.0,0.0,40500.0,-0.037740327982847086
2010-08-03,39000.0,39000.0,0.0,39000.0,0.0,40500.0,-0.037740327982847086
2010-08-04,39000.0,39000.0,0.0,39000.0,0.0,39000.0,0.0
2010-08-05,39000.0,39000.0,0.0,39000.0,0.0,39000.0,0.0
2010-08-06,39000.0,39000.0,0.0,39000.0,0.0,39000.0,0.0
2010-08-09,39000.0,,,39000.0,0.0,39000.0,0.0
2010-08-10,39000.0,39000.0,0.0,39000.0,0.0,39000.0,0.0
2010-08-11,39000.0,39000.0,0.0,39000.0,0.0,39000.0,0.0
2010-08-12,39000.0,39000.0,0.0,39000.0,0.0,39000.0,0.0
2010-08-13,39000.0,39000.0,0.0,39000.0,0.0,39000.0,0.0
2010-08-16,38000.0,,,39000.0,-0.025975486403260677,39000.0,-0.025975486403260677
2010-08-17,38000.0,38000.0,0.0,39000.0,-0.025975486403260677,39000.0,-0.025975486403260677
2010-08-18,38000.0,38000.0,0.0,39000.0,-0.025975486403260677,39000.0,-0.025975486403260677
2010-08-19,38000.0,38000.0,0.0,39000.0,-0.025975486403260677,39000.0,-0.025975486403260677
2010-08-20,38000.0,38000.0,0.0,39000.0,-0.025975486403260677,39000.0,-0.025975486403260677
2010-08-23,38000.0,,,38000.0,0.0,39000.0,-0.025975486403260677
2010-08-24,38000.0,38000.0,0.0,38000.0,0.0,39000.0,-0.025975486403260677
2010-08-25,38000.0,38000.0,0.0,38000.0,0.0,39000.0,-0.025975486403260677
2010-08-26,38000.0,38000.0,0.0,38000.0,0.0,39000.0,-0.025975486403260677
2010-08-27,38000.0,38000.0,0.0,38000.0,0.0,39000.0,-0.025975486403260677
2010-08-30,38000.0,,,38000.0,0.0,38000.0,0.0
2010-08-31,38000.0,38000.0,0.0,38000.0,0.0,38000.0,0.0
2010-09-01,38000.0,38000.0,0.0,38000.0,0.0,38000.0,0.0
2010-09-02,38000.0,38000.0,0.0,38000.0,0.0,38000.0,0.0
2010-09-03,38000.0,38000.0,0.0,38000.0,0.0,38000.0,0.0
2010-09-06,38000.0,,,38000.0,0.0,38000.0,0.0
2010-09-07,38000.0,38000.0,0.0,38000.0,0.0,38000.0,0.0
2010-09-08,38000.0,38000.0,0.0,38000.0,0.0,38000.0,0.0
2010-09-09,38000.0,38000.0,0.0,38000.0,0.0,38000.0,0.0
2010-09-10,38000.0,38000.0,0.0,38000.0,0.0,38000.0,0.0
2010-09-13,38000.0,,,38000.0,0.0,38000.0,0.0
2010-09-14,38000.0,38000.0,0.0,38000.0,0.0,38000.0,0.0
2010-09-15,38000.0,38000.0,0.0,38000.0,0.0,38000.0,0.0
2010-09-16,38000.0,38000.0,0.0,38000.0,0.0,38000.0,0.0
2010-09-17,38000.0,38000.0,0.0,38000.0,0.0,38000.0,0.0
2010-09-20,38000.0,,,38000.0,0.0,38000.0,0.0
2010-09-21,38000.0,38000.0,0.0,38000.0,0.0,38000.0,0.0
2010-09-27,38000.0,,,38000.0,0.0,38000.0,0.0
2010-09-28,38000.0,38000.0,0.0,38000.0,0.0,38000.0,0.0
2010-09-29,38000.0,38000.0,0.0,,,38000.0,0.0
2010-09-30,38000.0,38000.0,0.0,,,38000.0,0.0
2010-10-08,38000.0,,,,,,
2010-10-11,38000.0,,,,,38000.0,0.0
2010-10-12,38000.0,38000.0,0.0,,,38000.0,0.0
2010-10-13,38000.0,38000.0,0.0,,,38000.0,0.0
2010-10-14,38000.0,38000.0,0.0,,,38000.0,0.0
2010-10-15,38000.0,38000.0,0.0,38000.0,0.0,,
2010-10-18,38000.0,,,38000.0,0.0,,
2010-10-19,38000.0,38000.0,0.0,38000.0,0.0,,
2010-10-20,38000.0,38000.0,0.0,38000.0,0.0,,
2010-10-21,38000.0,38000.0,0.0,38000.0,0.0,,
2010-10-22,38000.0,38000.0,0.0,38000.0,0.0,38000.0,0.0
2010-10-25,38000.0,,,38000.0,0.0,38000.0,0.0
2010-10-26,38000.0,38000.0,0.0,38000.0,0.0,38000.0,0.0
2010-10-27,38000.0,38000.0,0.0,38000.0,0.0,38000.0,0.0
2010-10-28,38000.0,38000.0,0.0,38000.0,0.0,38000.0,0.0
2010-10-29,38000.0,38000.0,0.0,38000.0,0.0,38000.0,0.0
2010-11-01,38000.0,,,38000.0,0.0,38000.0,0.0
2010-11-02,38000.0,38000.0,0.0,38000.0,0.0,38000.0,0.0
2010-11-03,38000.0,38000.0,0.0,38000.0,0.0,38000.0,0.0
2010-11-04,38000.0,38000.0,0.0,38000.0,0.0,38000.0,0.0
2010-11-05,38000.0,38000.0,0.0,38000.0,0.0,38000.0,0.0
2010-11-08,38000.0,,,38000.0,0.0,38000.0,0.0
2010-11-09,38000.0,38000.0,0.0,38000.0,0.0,38000.0,0.0
2010-11-10,38000.0,38000.0,0.0,38000.0,0.0,38000.0,0.0
2010-11-11,38000.0,38000.0,0.0,38000.0,0.0,38000.0,0.0
2010-11-12,38000.0,38000.0,0.0,38000.0,0.0,38000.0,0.0
2010-11-15,38000.0,,,38000.0,0.0,38000.0,0.0
2010-11-16,38000.0,38000.0,0.0,38000.0,0.0,38000.0,0.0
2010-11-17,38000.0,38000.0,0.0,38000.0,0.0,38000.0,0.0
2010-11-18,38000.0,38000.0,0.0,38000.0,0.0,38000.0,0.0
2010-11-19,38000.0,38000.0,0.0,38000.0,0.0,38000.0,0.0
2010-11-22,38000.0,,,38000.0,0.0,38000.0,0.0
2010-11-23,38000.0,38000.0,0.0,38000.0,0.0,38000.0,0.0
2010-11-24,38000.0,38000.0,0.0,38000.0,0.0,38000.0,0.0
2010-11-25,38000.0,38000.0,0.0,38000.0,0.0,38000.0,0.0
2010-11-26,38000.0,38000.0,0.0,38000.0,0.0,38000.0,0.0
2010-11-29,38000.0,,,38000.0,0.0,38000.0,0.0
2010-11-30,38000.0,38000.0,0.0,38000.0,0.0,38000.0,0.0
2010-12-01,38000.0,38000.0,0.0,38000.0,0.0,38000.0,0.0
2010-12-02,38000.0,38000.0,0.0,38000.0,0.0,38000.0,0.0
2010-12-03,38000.0,38000.0,0.0,38000.0,0.0,38000.0,0.0
2010-12-06,38000.0,,,38000.0,0.0,38000.0,0.0
2010-12-07,38000.0,38000.0,0.0,38000.0,0.0,38000.0,0.0
2010-12-08,38000.0,38000.0,0.0,38000.0,0.0,38000.0,0.0
2010-12-09,38000.0,38000.0,0.0,38000.0,0.0,38000.0,0.0
2010-12-10,38000.0,38000.0,0.0,38000.0,0.0,38000.0,0.0
2010-12-13,38000.0,,,38000.0,0.0,38000.0,0.0
2010-12-14,38000.0,38000.0,0.0,38000.0,0.0,38000.0,0.0
2010-12-15,38000.0,38000.0,0.0,38000.0,0.0,38000.0,0.0
2010-12-16,38000.0,38000.0,0.0,38000.0,0.0,38000.0,0.0
2010-12-17,38000.0,38000.0,0.0,38000.0,0.0,38000.0,0.0
2010-12-20,38000.0,,,38000.0,0.0,38000.0,0.0
2010-12-21,38000.0,38000.0,0.0,38000.0,0.0,38000.0,0.0
2010-12-22,38000.0,38000.0,0.0,38000.0,0.0,38000.0,0.0
2010-12-23,38000.0,38000.0,0.0,38000.0,0.0,38000.0,0.0
2010-12-24,38000.0,38000.0,0.0,38000.0,0.0,38000.0,0.0
2010-12-27,38000.0,,,38000.0,0.0,38000.0,0.0
2010-12-28,38000.0,38000.0,0.0,38000.0,0.0,38000.0,0.0
2010-12-29,38000.0,38000.0,0.0,38000.0,0.0,38000.0,0.0
2010-12-30,38000.0,38000.0,0.0,38000.0,0.0,38000.0,0.0
2010-12-31,38000.0,38000.0,0.0,38000.0,0.0,38000.0,0.0
2011-01-04,38000.0,,,38000.0,0.0,38000.0,0.0
2011-01-05,38000.0,38000.0,0.0,38000.0,0.0,38000.0,0.0
2011-01-06,38000.0,38000.0,0.0,38000.0,0.0,38000.0,0.0
2011-01-07,38000.0,38000.0,0.0,38000.0,0.0,38000.0,0.0
2011-01-10,38000.0,,,,,38000.0,0.0
2011-01-11,38000.0,38000.0,0.0,38000.0,0.0,38000.0,0.0
2011-01-12,38000.0,38000.0,0.0,38000.0,0.0,38000.0,0.0
2011-01-13,38000.0,38000.0,0.0,38000.0,0.0,38000.0,0.0
2011-01-14,38000.0,38000.0,0.0,38000.0,0.0,38000.0,0.0
2011-01-17,38000.0,,,38000.0,0.0,,
2011-01-18,38000.0,38000.0,0.0,38000.0,0.0,38000.0,0.0
2011-01-19,38000.0,38000.0,0.0,38000.0,0.0,38000.0,0.0
2011-01-20,38000.0,38000.0,0.0,38000.0,0.0,38000.0,0.0
2011-01-21,38000.0,38000.0,0.0,38000.0,0.0,38000.0,0.0
2011-01-24,38000.0,,,38000.0,0.0,38000.0,0.0
2011-01-25,38000.0,38000.0,0.0,38000.0,0.0,38000.0,0.0
2011-01-26,38000.0,38000.0,0.0,38000.0,0.0,38000.0,0.0
2011-01-27,38000.0,38000.0,0.0,38000.0,0.0,38000.0,0.0
2011-01-28,38000.0,38000.0,0.0,38000.0,0.0,38000.0,0.0
2011-01-31,38000.0,,,38000.0,0.0,38000.0,0.0
2011-02-01,38000.0,38000.0,0.0,38000.0,0.0,38000.0,0.0
2011-02-09,38000.0,,,,,38000.0,0.0
2011-02-10,38000.0,38000.0,0.0,,,38000.0,0.0
2011-02-11,38000.0,38000.0,0.0,,,38000.0,0.0
2011-02-14,38000.0,,,,,38000.0,0.0
2011-02-15,38000.0,38000.0,0.0,,,38000.0,0.0
2011-02-16,38000.0,38000.0,0.0,38000.0,0.0,,
2011-02-17,38000.0,38000.0,0.0,38000.0,0.0,,
2011-02-18,38000.0,38000.0,0.0,38000.0,0.0,,
2011-02-21,38000.0,,,38000.0,0.0,,
2011-02-22,38000.0,38000.0,0.0,38000.0,0.0,,
2011-02-23,38000.0,38000.0,0.0,38000.0,0.0,38000.0,0.0
2011-02-24,38000.0,38000.0,0.0,38000.0,0.0,38000.0,0.0
2011-02-25,38000.0,38000.0,0.0,38000.0,0.0,38000.0,0.0
2011-02-28,38000.0,,,38000.0,0.0,38000.0,0.0
2011-03-01,38000.0,38000.0,0.0,38000.0,0.0,38000.0,0.0
2011-03-02,38000.0,38000.0,0.0,38000.0,0.0,38000.0,0.0
2011-03-03,38000.0,38000.0,0.0,38000.0,0.0,38000.0,0.0
2011-03-04,38000.0,38000.0,0.0,38000.0,0.0,38000.0,0.0
2011-03-07,38000.0,,,38000.0,0.0,38000.0,0.0
2011-03-08,38000.0,38000.0,0.0,38000.0,0.0,38000.0,0.0
2011-03-09,38000.0,38000.0,0.0,38000.0,0.0,38000.0,0.0
2011-03-10,38000.0,38000.0,0.0,38000.0,0.0,38000.0,0.0
2011-03-11,38000.0,38000.0,0.0,38000.0,0.0,38000.0,0.0
2011-03-14,38000.0,,,38000.0,0.0,38000.0,0.0
2011-03-15,38000.0,38000.0,0.0,38000.0,0.0,38000.0,0.0
2011-03-16,38000.0,38000.0,0.0,38000.0,0.0,38000.0,0.0
2011-03-17,38000.0,38000.0,0.0,38000.0,0.0,38000.0,0.0
2011-03-18,38000.0,38000.0,0.0,38000.0,0.0,38000.0,0.0
2011-03-21,38000.0,,,38000.0,0.0,38000.0,0.0
2011-03-22,38000.0,38000.0,0.0,38000.0,0.0,38000.0,0.0
2011-03-23,38000.0,38000.0,0.0,38000.0,0.0,38000.0,0.0
2011-03-24,38000.0,38000.0,0.0,38000.0,0.0,38000.0,0.0
2011-03-25,38000.0,38000.0,0.0,38000.0,0.0,38000.0,0.0
2011-03-28,38000.0,,,38000.0,0.0,38000.0,0.0
2011-03-29,38000.0,38000.0,0.0,38000.0,0.0,38000.0,0.0
2011-03-30,38000.0,38000.0,0.0,38000.0,0.0,38000.0,0.0
2011-03-31,38000.0,38000.0,0.0,38000.0,0.0,38000.0,0.0
2011-04-01,38000.0,38000.0,0.0,38000.0,0.0,38000.0,0.0
2011-04-06,38000.0,,,38000.0,0.0,38000.0,0.0
2011-04-07,38000.0,38000.0,0.0,38000.0,0.0,38000.0,0.0
2011-04-08,38000.0,38000.0,0.0,38000.0,0.0,38000.0,0.0
2011-04-11,38000.0,,,,,38000.0,0.0
2011-04-12,38000.0,38000.0,0.0,,,38000.0,0.0
2011-04-13,38000.0,38000.0,0.0,38000.0,0.0,38000.0,0.0
2011-04-14,38000.0,38000.0,0.0,38000.0,0.0,38000.0,0.0
2011-04-15,38000.0,38000.0,0.0,38000.0,0.0,38000.0,0.0
2011-04-18,38000.0,,,38000.0,0.0,,
2011-04-19,38000.0,38000.0,0.0,38000.0,0.0,,
2011-04-20,38000.0,38000.0,0.0,38000.0,0.0,38000.0,0.0
2011-04-21,38000.0,38000.0,0.0,38000.0,0.0,38000.0,0.0
2011-04-22,38000.0,38000.0,0.0,38000.0,0.0,38000.0,0.0
2011-04-25,38000.0,,,38000.0,0.0,38000.0,0.0
2011-04-26,38000.0,38000.0,0.0,38000.0,0.0,38000.0,0.0
2011-04-27,38000.0,38000.0,0.0,38000.0,0.0,38000.0,0.0
2011-04-28,38000.0,38000.0,0.0,38000.0,0.0,38000.0,0.0
2011-04-29,38000.0,38000.0,0.0,38000.0,0.0,38000.0,0.0
2011-05-03,38000.0,,,38000.0,0.0,38000.0,0.0
2011-05-04,38000.0,38000.0,0.0,38000.0,0.0,38000.0,0.0
2011-05-05,38000.0,38000.0,0.0,38000.0,0.0,38000.0,0.0
2011-05-06,38000.0,38000.0,0.0,38000.0,0.0,38000.0,0.0
2011-05-09,38000.0,,,,,38000.0,0.0
2011-05-10,38000.0,38000.0,0.0,38000.0,0.0,38000.0,0.0
2011-05-11,38000.0,38000.0,0.0,38000.0,0.0,38000.0,0.0
2011-05-12,38000.0,38000.0,0.0,38000.0,0.0,38000.0,0.0
2011-05-13,38000.0,38000.0,0.0,38000.0,0.0,38000.0,0.0
2011-05-16,38000.0,,,38000.0,0.0,,
2011-05-17,38000.0,38000.0,0.0,38000.0,0.0,38000.0,0.0
2011-05-18,38000.0,38000.0,0.0,38000.0,0.0,38000.0,0.0
2011-05-19,38000.0,38000.0,0.0,38000.0,0.0,38000.0,0.0
2011-05-20,38000.0,38000.0,0.0,38000.0,0.0,38000.0,0.0
2011-05-23,38000.0,,,38000.0,0.0,38000.0,0.0
2011-05-24,38000.0,38000.0,0.0,38000.0,0.0,38000.0,0.0
2011-05-25,38000.0,38000.0,0.0,38000.0,0.0,38000.0,0.0
2011-05-26,38000.0,38000.0,0.0,38000.0,0.0,38000.0,0.0
2011-05-27,38000.0,38000.0,0.0,38000.0,0.0,38000.0,0.0
2011-05-30,38000.0,,,38000.0,0.0,38000.0,0.0
2011-05-31,38000.0,38000.0,0.0,38000.0,0.0,38000.0,0.0
2011-06-01,38000.0,38000.0,0.0,38000.0,0.0,38000.0,0.0
2011-06-02,38000.0,38000.0,0.0,38000.0,0.0,38000.0,0.0
2011-06-03,38000.0,38000.0,0.0,38000.0,0.0,38000.0,0.0
2011-06-07,38000.0,,,38000.0,0.0,38000.0,0.0
2011-06-08,38000.0,38000.0,0.0,38000.0,0.0,38000.0,0.0
2011-06-09,38000.0,38000.0,0.0,38000.0,0.0,38000.0,0.0
2011-06-10,38000.0,38000.0,0.0,38000.0,0.0,38000.0,0.0
2011-06-13,38000.0,,,,,38000.0,0.0
2011-06-14,38000.0,38000.0,0.0,38000.0,0.0,38000.0,0.0
2011-06-15,38000.0,38000.0,0.0,38000.0,0.0,38000.0,0.0
2011-06-16,38000.0,38000.0,0.0,38000.0,0.0,38000.0,0.0
2011-06-17,38000.0,38000.0,0.0,38000.0,0.0,38000.0,0.0
2011-06-20,38000.0,,,38000.0,0.0,,
2011-06-21,38000.0,38000.0,0.0,38000.0,0.0,38000.0,0.0
2011-06-22,38000.0,38000.0,0.0,38000.0,0.0,38000.0,0.0
2011-06-23,38000.0,38000.0,0.0,38000.0,0.0,38000.0,0.0
2011-06-24,38000.0,38000.0,0.0,38000.0,0.0,38000.0,0.0
2011-06-27,38000.0,,,38000.0,0.0,38000.0,0.0
2011-06-28,38000.0,38000.0,0.0,38000.0,0.0,38000.0,0.0
2011-06-29,38000.0,38000.0,0.0,38000.0,0.0,38000.0,0.0
2011-06-30,38000.0,38000.0,0.0,38000.0,0.0,38000.0,0.0
2011-07-01,38000.0,38000.0,0.0,38000.0,0.0,38000.0,0.0
2011-07-04,38000.0,,,38000.0,0.0,38000.0,0.0
2011-07-05,38000.0,38000.0,0.0,38000.0,0.0,38000.0,0.0
2011-07-06,38000.0,38000.0,0.0,38000.0,0.0,38000.0,0.0
2011-07-07,38000.0,38000.0,0.0,38000.0,0.0,38000.0,0.0
2011-07-08,40000.0,38000.0,0.05129329438755048,38000.0,0.05129329438755048,38000.0,0.05129329438755048
2011-07-11,40000.0,,,38000.0,0.05129329438755048,38000.0,0.05129329438755048
2011-07-12,40000.0,40000.0,0.0,38000.0,0.05129329438755048,38000.0,0.05129329438755048
2011-07-13,40000.0,40000.0,0.0,38000.0,0.05129329438755048,38000.0,0.05129329438755048
2011-07-14,40000.0,40000.0,0.0,38000.0,0.05129329438755048,38000.0,0.05129329438755048
2011-07-15,40000.0,40000.0,0.0,40000.0,0.0,38000.0,0.05129329438755048
2011-07-18,40000.0,,,40000.0,0.0,38000.0,0.05129329438755048
2011-07-19,40000.0,40000.0,0.0,40000.0,0.0,38000.0,0.05129329438755048
2011-07-20,40000.0,40000.0,0.0,40000.0,0.0,38000.0,0.05129329438755048
2011-07-21,40000.0,40000.0,0.0,40000.0,0.0,38000.0,0.05129329438755048
2011-07-22,40000.0,40000.0,0.0,40000.0,0.0,40000.0,0.0
2011-07-25,40000.0,,,40000.0,0.0,40000.0,0.0
2011-07-26,40000.0,40000.0,0.0,40000.0,0.0,40000.0,0.0
2011-07-27,40000.0,40000.0,0.0,40000.0,0.0,40000.0,0.0
2011-07-28,40000.0,40000.0,0.0,40000.0,0.0,40000.0,0.0
2011-07-29,40000.0,40000.0,0.0,40000.0,0.0,40000.0,0.0
2011-08-01,40000.0,,,40000.0,0.0,40000.0,0.0
2011-08-02,40000.0,40000.0,0.0,40000.0,0.0,40000.0,0.0
2011-08-03,40000.0,40000.0,0.0,40000.0,0.0,40000.0,0.0
2011-08-04,40000.0,40000.0,0.0,40000.0,0.0,40000.0,0.0
2011-08-05,40000.0,40000.0,0.0,40000.0,0.0,40000.0,0.0
2011-08-08,40000.0,,,40000.0,0.0,40000.0,0.0
2011-08-09,40000.0,40000.0,0.0,40000.0,0.0,40000.0,0.0
2011-08-10,40000.0,40000.0,0.0,40000.0,0.0,40000.0,0.0
2011-08-11,40000.0,40000.0,0.0,40000.0,0.0,40000.0,0.0
2011-08-12,40000.0,40000.0,0.0,40000.0,0.0,40000.0,0.0
2011-08-15,40000.0,,,40000.0,0.0,40000.0,0.0
2011-08-16,40000.0,40000.0,0.0,40000.0,0.0,40000.0,0.0
2011-08-17,40000.0,40000.0,0.0,40000.0,0.0,40000.0,0.0
2011-08-18,40000.0,40000.0,0.0,40000.0,0.0,40000.0,0.0
2011-08-19,40000.0,40000.0,0.0,40000.0,0.0,40000.0,0.0
2011-08-22,40000.0,,,40000.0,0.0,40000.0,0.0
2011-08-23,40000.0,40000.0,0.0,40000.0,0.0,40000.0,0.0
2011-08-24,40000.0,40000.0,0.0,40000.0,0.0,40000.0,0.0
2011-08-25,40000.0,40000.0,0.0,40000.0,0.0,40000.0,0.0
2011-08-26,40000.0,40000.0,0.0,40000.0,0.0,40000.0,0.0
2011-08-29,40000.0,,,40000.0,0.0,40000.0,0.0
2011-08-30,40000.0,40000.0,0.0,40000.0,0.0,40000.0,0.0
2011-08-31,40000.0,40000.0,0.0,40000.0,0.0,40000.0,0.0
2011-09-01,40000.0,40000.0,0.0,40000.0,0.0,40000.0,0.0
2011-09-02,40000.0,40000.0,0.0,40000.0,0.0,40000.0,0.0
2011-09-05,40000.0,,,40000.0,0.0,40000.0,0.0
2011-09-06,40000.0,40000.0,0.0,40000.0,0.0,40000.0,0.0
2011-09-07,40000.0,40000.0,0.0,40000.0,0.0,40000.0,0.0
2011-09-08,40000.0,40000.0,0.0,40000.0,0.0,40000.0,0.0
2011-09-09,40000.0,40000.0,0.0,40000.0,0.0,40000.0,0.0
2011-09-13,40000.0,,,40000.0,0.0,40000.0,0.0
2011-09-14,40000.0,40000.0,0.0,40000.0,0.0,40000.0,0.0
2011-09-15,40000.0,40000.0,0.0,40000.0,0.0,40000.0,0.0
2011-09-16,40000.0,40000.0,0.0,40000.0,0.0,40000.0,0.0
2011-09-19,40000.0,,,,,40000.0,0.0
2011-09-20,40000.0,40000.0,0.0,40000.0,0.0,40000.0,0.0
2011-09-21,40000.0,40000.0,0.0,40000.0,0.0,40000.0,0.0
2011-09-22,40000.0,40000.0,0.0,40000.0,0.0,40000.0,0.0
2011-09-23,40000.0,40000.0,0.0,40000.0,0.0,40000.0,0.0
2011-09-26,40000.0,,,40000.0,0.0,,
2011-09-27,40000.0,40000.0,0.0,40000.0,0.0,40000.0,0.0
2011-09-28,40000.0,40000.0,0.0,40000.0,0.0,40000.0,0.0
2011-09-29,40000.0,40000.0,0.0,40000.0,0.0,40000.0,0.0
2011-09-30,40000.0,40000.0,0.0,40000.0,0.0,40000.0,0.0
2011-10-10,40000.0,,,,,40000.0,0.0
2011-10-11,40000.0,40000.0,0.0,,,40000.0,0.0
2011-10-12,40000.0,40000.0,0.0,,,40000.0,0.0
2011-10-13,40000.0,40000.0,0.0,,,40000.0,0.0
2011-10-14,40000.0,40000.0,0.0,,,40000.0,0.0
2011-10-17,40000.0,,,40000.0,0.0,,
2011-10-18,40000.0,40000.0,0.0,40000.0,0.0,,
2011-10-19,40000.0,40000.0,0.0,40000.0,0.0,,
2011-10-20,40000.0,40000.0,0.0,40000.0,0.0,,
2011-10-21,40000.0,40000.0,0.0,40000.0,0.0,,
2011-10-24,40000.0,,,40000.0,0.0,40000.0,0.0
2011-10-25,40000.0,40000.0,0.0,40000.0,0.0,40000.0,0.0
2011-10-26,40000.0,40000.0,0.0,40000.0,0.0,40000.0,0.0
2011-10-27,40000.0,40000.0,0.0,40000.0,0.0,40000.0,0.0
2011-10-28,40000.0,40000.0,0.0,40000.0,0.0,40000.0,0.0
2011-10-31,40000.0,,,40000.0,0.0,40000.0,0.0
2011-11-01,40000.0,40000.0,0.0,40000.0,0.0,40000.0,0.0
2011-11-02,40000.0,40000.0,0.0,40000.0,0.0,40000.0,0.0
2011-11-03,40000.0,40000.0,0.0,40000.0,0.0,40000.0,0.0
2011-11-04,40000.0,40000.0,0.0,40000.0,0.0,40000.0,0.0
2011-11-07,40000.0,,,40000.0,0.0,40000.0,0.0
2011-11-08,40000.0,40000.0,0.0,40000.0,0.0,40000.0,0.0
2011-11-09,40000.0,40000.0,0.0,40000.0,0.0,40000.0,0.0
2011-11-10,40000.0,40000.0,0.0,40000.0,0.0,40000.0,0.0
2011-11-11,40000.0,40000.0,0.0,40000.0,0.0,40000.0,0.0
2011-11-14,40000.0,,,40000.0,0.0,40000.0,0.0
2011-11-15,40000.0,40000.0,0.0,40000.0,0.0,40000.0,0.0
2011-11-16,40000.0,40000.0,0.0,40000.0,0.0,40000.0,0.0
2011-11-17,40000.0,40000.0,0.0,40000.0,0.0,40000.0,0.0
2011-11-18,40000.0,40000.0,0.0,40000.0,0.0,40000.0,0.0
2011-11-21,40000.0,,,40000.0,0.0,40000.0,0.0
2011-11-22,40000.0,40000.0,0.0,40000.0,0.0,40000.0,0.0
2011-11-23,40000.0,40000.0,0.0,40000.0,0.0,40000.0,0.0
2011-11-24,40000.0,40000.0,0.0,40000.0,0.0,40000.0,0.0
2011-11-25,40000.0,40000.0,0.0,40000.0,0.0,40000.0,0.0
2011-11-28,40000.0,,,40000.0,0.0,40000.0,0.0
2011-11-29,40000.0,40000.0,0.0,40000.0,0.0,40000.0,0.0
2011-11-30,40000.0,40000.0,0.0,40000.0,0.0,40000.0,0.0
2011-12-01,40000.0,40000.0,0.0,40000.0,0.0,40000.0,0.0
2011-12-02,40000.0,40000.0,0.0,40000.0,0.0,40000.0,0.0
2011-12-05,40000.0,,,40000.0,0.0,40000.0,0.0
2011-12-06,40000.0,40000.0,0.0,40000.0,0.0,40000.0,0.0
2011-12-07,40000.0,40000.0,0.0,40000.0,0.0,40000.0,0.0
2011-12-08,40000.0,40000.0,0.0,40000.0,0.0,40000.0,0.0
2011-12-09,40000.0,40000.0,0.0,40000.0,0.0,40000.0,0.0
2011-12-12,40000.0,,,40000.0,0.0,40000.0,0.0
2011-12-13,40000.0,40000.0,0.0,40000.0,0.0,40000.0,0.0
2011-12-14,40000.0,40000.0,0.0,40000.0,0.0,40000.0,0.0
2011-12-15,40000.0,40000.0,0.0,40000.0,0.0,40000.0,0.0
2011-12-16,40000.0,40000.0,0.0,40000.0,0.0,40000.0,0.0
2011-12-19,40000.0,,,40000.0,0.0,40000.0,0.0
2011-12-20,40000.0,40000.0,0.0,40000.0,0.0,40000.0,0.0
2011-12-21,40000.0,40000.0,0.0,40000.0,0.0,40000.0,0.0
2011-12-22,40000.0,40000.0,0.0,40000.0,0.0,40000.0,0.0
2011-12-23,40000.0,40000.0,0.0,40000.0,0.0,40000.0,0.0
2011-12-26,40000.0,,,40000.0,0.0,40000.0,0.0
2011-12-27,40000.0,40000.0,0.0,40000.0,0.0,40000.0,0.0
2011-12-28,40000.0,40000.0,0.0,40000.0,0.0,40000.0,0.0
2011-12-29,40000.0,40000.0,0.0,40000.0,0.0,40000.0,0.0
2011-12-30,40000.0,40000.0,0.0,40000.0,0.0,40000.0,0.0
2012-01-04,40000.0,,,40000.0,0.0,40000.0,0.0
2012-01-05,40000.0,40000.0,0.0,40000.0,0.0,40000.0,0.0
2012-01-06,40000.0,40000.0,0.0,40000.0,0.0,40000.0,0.0
2012-01-09,40000.0,,,,,40000.0,0.0
2012-01-10,40000.0,40000.0,0.0,,,40000.0,0.0
2012-01-11,40000.0,40000.0,0.0,40000.0,0.0,40000.0,0.0
2012-01-12,40000.0,40000.0,0.0,40000.0,0.0,40000.0,0.0
2012-01-13,40000.0,40000.0,0.0,40000.0,0.0,40000.0,0.0
2012-01-16,40000.0,,,40000.0,0.0,,
2012-01-17,40000.0,40000.0,0.0,40000.0,0.0,,
2012-01-18,40000.0,40000.0,0.0,40000.0,0.0,40000.0,0.0
2012-01-19,40000.0,40000.0,0.0,40000.0,0.0,40000.0,0.0
2012-01-20,40000.0,40000.0,0.0,40000.0,0.0,40000.0,0.0
2012-01-30,40000.0,,,,,40000.0,0.0
2012-01-31,40000.0,40000.0,0.0,,,40000.0,0.0
2012-02-01,40000.0,40000.0,0.0,,,40000.0,0.0
2012-02-02,40000.0,40000.0,0.0,,,40000.0,0.0
2012-02-03,40000.0,40000.0,0.0,,,40000.0,0.0
2012-02-06,40000.0,,,40000.0,0.0,,
2012-02-07,40000.0,40000.0,0.0,40000.0,0.0,,
2012-02-08,40000.0,40000.0,0.0,40000.0,0.0,,
2012-02-09,40000.0,40000.0,0.0,40000.0,0.0,,
2012-02-10,40000.0,40000.0,0.0,40000.0,0.0,,
2012-02-13,40000.0,,,40000.0,0.0,40000.0,0.0
2012-02-14,40000.0,40000.0,0.0,40000.0,0.0,40000.0,0.0
2012-02-15,40000.0,40000.0,0.0,40000.0,0.0,40000.0,0.0
2012-02-16,40000.0,40000.0,0.0,40000.0,0.0,40000.0,0.0
2012-02-17,40000.0,40000.0,0.0,40000.0,0.0,40000.0,0.0
2012-02-20,40000.0,,,40000.0,0.0,40000.0,0.0
2012-02-21,40000.0,40000.0,0.0,40000.0,0.0,40000.0,0.0
2012-02-22,40000.0,40000.0,0.0,40000.0,0.0,40000.0,0.0
2012-02-23,40000.0,40000.0,0.0,40000.0,0.0,40000.0,0.0
2012-02-24,40000.0,40000.0,0.0,40000.0,0.0,40000.0,0.0
2012-02-27,40000.0,,,40000.0,0.0,40000.0,0.0
2012-02-28,40000.0,40000.0,0.0,40000.0,0.0,40000.0,0.0
2012-02-29,40000.0,40000.0,0.0,40000.0,0.0,40000.0,0.0
2012-03-01,40000.0,40000.0,0.0,40000.0,0.0,40000.0,0.0
2012-03-02,40000.0,40000.0,0.0,40000.0,0.0,40000.0,0.0
2012-03-05,40000.0,,,40000.0,0.0,40000.0,0.0
2012-03-06,40000.0,40000.0,0.0,40000.0,0.0,40000.0,0.0
2012-03-07,40000.0,40000.0,0.0,40000.0,0.0,40000.0,0.0
2012-03-08,40000.0,40000.0,0.0,40000.0,0.0,40000.0,0.0
2012-03-09,40000.0,40000.0,0.0,40000.0,0.0,40000.0,0.0
2012-03-12,40000.0,,,40000.0,0.0,40000.0,0.0
2012-03-13,40000.0,40000.0,0.0,40000.0,0.0,40000.0,0.0
2012-03-14,40000.0,40000.0,0.0,40000.0,0.0,40000.0,0.0
2012-03-15,40000.0,40000.0,0.0,40000.0,0.0,40000.0,0.0
2012-03-16,40000.0,40000.0,0.0,40000.0,0.0,40000.0,0.0
2012-03-19,40000.0,,,40000.0,0.0,40000.0,0.0
2012-03-20,40000.0,40000.0,0.0,40000.0,0.0,40000.0,0.0
2012-03-21,40000.0,40000.0,0.0,40000.0,0.0,40000.0,0.0
2012-03-22,40000.0,40000.0,0.0,40000.0,0.0,40000.0,0.0
2012-03-23,40000.0,40000.0,0.0,40000.0,0.0,40000.0,0.0
2012-03-26,40000.0,,,40000.0,0.0,40000.0,0.0
2012-03-27,40000.0,40000.0,0.0,40000.0,0.0,40000.0,0.0
2012-03-28,40000.0,40000.0,0.0,40000.0,0.0,40000.0,0.0
2012-03-29,40000.0,40000.0,0.0,40000.0,0.0,40000.0,0.0
2012-03-30,40000.0,40000.0,0.0,40000.0,0.0,40000.0,0.0
2012-04-05,40000.0,,,40000.0,0.0,40000.0,0.0
2012-04-06,40000.0,40000.0,0.0,40000.0,0.0,40000.0,0.0
2012-04-09,40000.0,,,,,40000.0,0.0
2012-04-10,40000.0,40000.0,0.0,,,40000.0,0.0
2012-04-11,40000.0,40000.0,0.0,,,40000.0,0.0
2012-04-12,40000.0,40000.0,0.0,40000.0,0.0,40000.0,0.0
2012-04-13,40000.0,40000.0,0.0,40000.0,0.0,40000.0,0.0
2012-04-16,40000.0,,,40000.0,0.0,,
2012-04-17,40000.0,40000.0,0.0,40000.0,0.0,,
2012-04-18,40000.0,40000.0,0.0,40000.0,0.0,,
2012-04-19,40000.0,40000.0,0.0,40000.0,0.0,40000.0,0.0
2012-04-20,40000.0,40000.0,0.0,40000.0,0.0,40000.0,0.0
2012-04-23,40000.0,,,40000.0,0.0,40000.0,0.0
2012-04-24,40000.0,40000.0,0.0,40000.0,0.0,40000.0,0.0
2012-04-25,40000.0,40000.0,0.0,40000.0,0.0,40000.0,0.0
2012-04-26,40000.0,40000.0,0.0,40000.0,0.0,40000.0,0.0
2012-04-27,40000.0,40000.0,0.0,40000.0,0.0,40000.0,0.0
2012-05-02,40000.0,,,40000.0,0.0,40000.0,0.0
2012-05-03,40000.0,40000.0,0.0,40000.0,0.0,40000.0,0.0
2012-05-04,40000.0,40000.0,0.0,40000.0,0.0,40000.0,0.0
2012-05-07,40000.0,,,,,40000.0,0.0
2012-05-08,40000.0,40000.0,0.0,,,40000.0,0.0
2012-05-09,40000.0,40000.0,0.0,40000.0,0.0,40000.0,0.0
2012-05-10,40000.0,40000.0,0.0,40000.0,0.0,40000.0,0.0
2012-05-11,40000.0,40000.0,0.0,40000.0,0.0,40000.0,0.0
2012-05-14,40000.0,,,40000.0,0.0,,
2012-05-15,40000.0,40000.0,0.0,40000.0,0.0,,
2012-05-16,40000.0,40000.0,0.0,40000.0,0.0,40000.0,0.0
2012-05-17,40000.0,40000.0,0.0,40000.0,0.0,40000.0,0.0
2012-05-18,40000.0,40000.0,0.0,40000.0,0.0,40000.0,0.0
2012-05-21,40000.0,,,40000.0,0.0,40000.0,0.0
2012-05-22,40000.0,40000.0,0.0,40000.0,0.0,40000.0,0.0
2012-05-23,40000.0,40000.0,0.0,40000.0,0.0,40000.0,0.0
2012-05-24,40000.0,40000.0,0.0,40000.0,0.0,40000.0,0.0
2012-05-25,40000.0,40000.0,0.0,40000.0,0.0,40000.0,0.0
2012-05-28,40000.0,,,40000.0,0.0,40000.0,0.0
2012-05-29,40000.0,40000.0,0.0,40000.0,0.0,40000.0,0.0
2012-05-30,40000.0,40000.0,0.0,40000.0,0.0,40000.0,0.0
2012-05-31,40000.0,40000.0,0.0,40000.0,0.0,40000.0,0.0
2012-06-01,40000.0,40000.0,0.0,40000.0,0.0,40000.0,0.0
2012-06-04,40000.0,,,40000.0,0.0,40000.0,0.0
2012-06-05,40000.0,40000.0,0.0,40000.0,0.0,40000.0,0.0
2012-06-06,40000.0,40000.0,0.0,40000.0,0.0,40000.0,0.0
2012-06-07,40000.0,40000.0,0.0,40000.0,0.0,40000.0,0.0
2012-06-08,40000.0,40000.0,0.0,40000.0,0.0,40000.0,0.0
2012-06-11,40000.0,,,40000.0,0.0,40000.0,0.0
2012-06-12,40000.0,40000.0,0.0,40000.0,0.0,40000.0,0.0
2012-06-13,40000.0,40000.0,0.0,40000.0,0.0,40000.0,0.0
2012-06-14,40000.0,40000.0,0.0,40000.0,0.0,40000.0,0.0
2012-06-15,40000.0,40000.0,0.0,40000.0,0.0,40000.0,0.0
2012-06-18,40000.0,,,40000.0,0.0,40000.0,0.0
2012-06-19,40000.0,40000.0,0.0,40000.0,0.0,40000.0,0.0
2012-06-20,40000.0,40000.0,0.0,40000.0,0.0,40000.0,0.0
2012-06-21,40000.0,40000.0,0.0,40000.0,0.0,40000.0,0.0
2012-06-25,40000.0,,,40000.0,0.0,40000.0,0.0
2012-06-26,40000.0,40000.0,0.0,40000.0,0.0,40000.0,0.0
2012-06-27,40000.0,40000.0,0.0,40000.0,0.0,40000.0,0.0
2012-06-28,40000.0,40000.0,0.0,40000.0,0.0,40000.0,0.0
2012-06-29,40000.0,40000.0,0.0,,,40000.0,0.0
2012-07-02,40000.0,,,40000.0,0.0,40000.0,0.0
2012-07-03,40000.0,40000.0,0.0,40000.0,0.0,40000.0,0.0
2012-07-04,40000.0,40000.0,0.0,40000.0,0.0,40000.0,0.0
2012-07-05,40000.0,40000.0,0.0,40000.0,0.0,40000.0,0.0
2012-07-06,40000.0,40000.0,0.0,40000.0,0.0,,
2012-07-09,40000.0,,,40000.0,0.0,40000.0,0.0
2012-07-10,40000.0,40000.0,0.0,40000.0,0.0,40000.0,0.0
2012-07-11,40000.0,40000.0,0.0,40000.0,0.0,40000.0,0.0
2012-07-12,40000.0,40000.0,0.0,40000.0,0.0,40000.0,0.0
2012-07-13,40000.0,40000.0,0.0,40000.0,0.0,40000.0,0.0
2012-07-16,40000.0,,,40000.0,0.0,40000.0,0.0
2012-07-17,40000.0,40000.0,0.0,40000.0,0.0,40000.0,0.0
2012-07-18,40000.0,40000.0,0.0,40000.0,0.0,40000.0,0.0
2012-07-19,40000.0,40000.0,0.0,40000.0,0.0,40000.0,0.0
2012-07-20,40000.0,40000.0,0.0,40000.0,0.0,40000.0,0.0
2012-07-23,40000.0,,,40000.0,0.0,40000.0,0.0
2012-07-24,40000.0,40000.0,0.0,40000.0,0.0,40000.0,0.0
2012-07-25,40000.0,40000.0,0.0,40000.0,0.0,40000.0,0.0
2012-07-26,40000.0,40000.0,0.0,40000.0,0.0,40000.0,0.0
2012-07-27,40000.0,40000.0,0.0,40000.0,0.0,40000.0,0.0
2012-07-30,40000.0,,,40000.0,0.0,40000.0,0.0
2012-07-31,40000.0,40000.0,0.0,40000.0,0.0,40000.0,0.0
2012-08-01,40000.0,40000.0,0.0,40000.0,0.0,40000.0,0.0
2012-08-02,40000.0,40000.0,0.0,40000.0,0.0,40000.0,0.0
2012-08-03,40000.0,40000.0,0.0,40000.0,0.0,40000.0,0.0
2012-08-06,40000.0,,,40000.0,0.0,40000.0,0.0
2012-08-07,40000.0,40000.0,0.0,40000.0,0.0,40000.0,0.0
2012-08-08,40000.0,40000.0,0.0,40000.0,0.0,40000.0,0.0
2012-08-09,40000.0,40000.0,0.0,40000.0,0.0,40000.0,0.0
2012-08-10,40000.0,40000.0,0.0,40000.0,0.0,40000.0,0.0
2012-08-13,40000.0,,,40000.0,0.0,40000.0,0.0
2012-08-14,40000.0,40000.0,0.0,40000.0,0.0,40000.0,0.0
2012-08-15,40000.0,40000.0,0.0,40000.0,0.0,40000.0,0.0
2012-08-16,40000.0,40000.0,0.0,40000.0,0.0,40000.0,0.0
2012-08-17,40000.0,40000.0,0.0,40000.0,0.0,40000.0,0.0
2012-08-20,40000.0,,,40000.0,0.0,40000.0,0.0
2012-08-21,40000.0,40000.0,0.0,40000.0,0.0,40000.0,0.0
2012-08-22,40000.0,40000.0,0.0,40000.0,0.0,40000.0,0.0
2012-08-23,40000.0,40000.0,0.0,40000.0,0.0,40000.0,0.0
2012-08-24,40000.0,40000.0,0.0,40000.0,0.0,40000.0,0.0
2012-08-27,40000.0,,,40000.0,0.0,40000.0,0.0
2012-08-28,40000.0,40000.0,0.0,40000.0,0.0,40000.0,0.0
2012-08-29,40000.0,40000.0,0.0,40000.0,0.0,40000.0,0.0
2012-08-30,40000.0,40000.0,0.0,40000.0,0.0,40000.0,0.0
2012-08-31,40000.0,40000.0,0.0,40000.0,0.0,40000.0,0.0
2012-09-03,40000.0,,,40000.0,0.0,40000.0,0.0
2012-09-04,40000.0,40000.0,0.0,40000.0,0.0,40000.0,0.0
2012-09-05,40000.0,40000.0,0.0,40000.0,0.0,40000.0,0.0
2012-09-06,40000.0,40000.0,0.0,40000.0,0.0,40000.0,0.0
2012-09-07,40000.0,40000.0,0.0,40000.0,0.0,40000.0,0.0
2012-09-10,40000.0,,,40000.0,0.0,40000.0,0.0
2012-09-11,40000.0,40000.0,0.0,40000.0,0.0,40000.0,0.0
2012-09-12,40000.0,40000.0,0.0,40000.0,0.0,40000.0,0.0
2012-09-13,40000.0,40000.0,0.0,40000.0,0.0,40000.0,0.0
2012-09-14,40000.0,40000.0,0.0,40000.0,0.0,40000.0,0.0
2012-09-17,40000.0,,,40000.0,0.0,40000.0,0.0
2012-09-18,40000.0,40000.0,0.0,40000.0,0.0,40000.0,0.0
2012-09-19,40000.0,40000.0,0.0,40000.0,0.0,40000.0,0.0
2012-09-20,40000.0,40000.0,0.0,40000.0,0.0,40000.0,0.0
2012-09-21,40000.0,40000.0,0.0,40000.0,0.0,40000.0,0.0
2012-09-24,40000.0,,,40000.0,0.0,40000.0,0.0
2012-09-25,40000.0,40000.0,0.0,40000.0,0.0,40000.0,0.0
2012-09-26,40000.0,40000.0,0.0,40000.0,0.0,40000.0,0.0
2012-09-27,40000.0,40000.0,0.0,40000.0,0.0,40000.0,0.0
2012-09-28,40000.0,40000.0,0.0,40000.0,0.0,40000.0,0.0
2012-10-08,40000.0,,,,,40000.0,0.0
2012-10-09,40000.0,40000.0,0.0,,,40000.0,0.0
2012-10-10,40000.0,40000.0,0.0,,,40000.0,0.0
2012-10-11,40000.0,40000.0,0.0,,,40000.0,0.0
2012-10-12,40000.0,40000.0,0.0,,,40000.0,0.0
2012-10-15,40000.0,,,40000.0,0.0,,
2012-10-16,40000.0,40000.0,0.0,40000.0,0.0,,
2012-10-17,40000.0,40000.0,0.0,40000.0,0.0,,
2012-10-18,40000.0,40000.0,0.0,40000.0,0.0,,
2012-10-19,40000.0,40000.0,0.0,40000.0,0.0,,
2012-10-22,40000.0,,,40000.0,0.0,40000.0,0.0
2012-10-23,40000.0,40000.0,0.0,40000.0,0.0,40000.0,0.0
2012-10-24,40000.0,40000.0,0.0,40000.0,0.0,40000.0,0.0
2012-10-25,40000.0,40000.0,0.0,40000.0,0.0,40000.0,0.0
2012-10-26,40000.0,40000.0,0.0,40000.0,0.0,40000.0,0.0
2012-10-29,40000.0,,,40000.0,0.0,40000.0,0.0
2012-10-30,40000.0,40000.0,0.0,40000.0,0.0,40000.0,0.0
2012-10-31,40000.0,40000.0,0.0,40000.0,0.0,40000.0,0.0
2012-11-01,40000.0,40000.0,0.0,40000.0,0.0,40000.0,0.0
2012-11-02,40000.0,40000.0,0.0,40000.0,0.0,40000.0,0.0
2012-11-05,40000.0,,,40000.0,0.0,40000.0,0.0
2012-11-06,40000.0,40000.0,0.0,40000.0,0.0,40000.0,0.0
2012-11-07,40000.0,40000.0,0.0,40000.0,0.0,40000.0,0.0
2012-11-08,40000.0,40000.0,0.0,40000.0,0.0,40000.0,0.0
2012-11-09,40000.0,40000.0,0.0,40000.0,0.0,40000.0,0.0
2012-11-12,40000.0,,,40000.0,0.0,40000.0,0.0
2012-11-13,40000.0,40000.0,0.0,40000.0,0.0,40000.0,0.0
2012-11-14,40000.0,40000.0,0.0,40000.0,0.0,40000.0,0.0
2012-11-15,40000.0,40000.0,0.0,40000.0,0.0,40000.0,0.0
2012-11-16,40000.0,40000.0,0.0,40000.0,0.0,40000.0,0.0
2012-11-19,40000.0,,,40000.0,0.0,40000.0,0.0
2012-11-20,40000.0,40000.0,0.0,40000.0,0.0,40000.0,0.0
2012-11-21,40000.0,40000.0,0.0,40000.0,0.0,40000.0,0.0
2012-11-22,40000.0,40000.0,0.0,40000.0,0.0,40000.0,0.0
2012-11-23,40000.0,40000.0,0.0,40000.0,0.0,40000.0,0.0
2012-11-26,40000.0,,,40000.0,0.0,40000.0,0.0
2012-11-27,40000.0,40000.0,0.0,40000.0,0.0,40000.0,0.0
2012-11-28,40000.0,40000.0,0.0,40000.0,0.0,40000.0,0.0
2012-11-29,40000.0,40000.0,0.0,40000.0,0.0,40000.0,0.0
2012-11-30,40000.0,40000.0,0.0,40000.0,0.0,40000.0,0.0
2012-12-07,40000.0,,,40000.0,0.0,40000.0,0.0
2012-12-14,40000.0,,,40000.0,0.0,40000.0,0.0
2012-12-21,40000.0,,,40000.0,0.0,40000.0,0.0
2012-12-28,40000.0,,,40000.0,0.0,40000.0,0.0
2013-01-04,40000.0,,,40000.0,0.0,40000.0,0.0
2013-01-11,40000.0,,,40000.0,0.0,40000.0,0.0
2013-01-18,40000.0,,,40000.0,0.0,40000.0,0.0
2013-01-25,40000.0,,,40000.0,0.0,40000.0,0.0
2013-02-01,40000.0,,,40000.0,0.0,40000.0,0.0
2013-02-08,40000.0,,,40000.0,0.0,40000.0,0.0
2013-02-22,40000.0,,,,,40000.0,0.0
2013-03-01,40000.0,,,40000.0,0.0,,
2013-03-08,40000.0,,,40000.0,0.0,40000.0,0.0
2013-03-15,40000.0,,,40000.0,0.0,40000.0,0.0
2013-03-22,40800.0,,,40000.0,0.01980262729617973,40000.0,0.01980262729617973
2013-03-29,41000.0,,,40800.0,0.00488998529419177,40000.0,0.024692612590371414
2013-04-05,41000.0,,,41000.0,0.0,40800.0,0.00488998529419177
2013-04-12,41000.0,,,41000.0,0.0,41000.0,0.0
2013-04-19,41000.0,,,41000.0,0.0,41000.0,0.0
2013-04-26,41000.0,,,41000.0,0.0,41000.0,0.0
2013-05-03,41000.0,,,41000.0,0.0,41000.0,0.0
2013-05-10,41000.0,,,41000.0,0.0,41000.0,0.0
2013-05-17,41000.0,,,41000.0,0.0,41000.0,0.0
2013-05-24,41000.0,,,41000.0,0.0,41000.0,0.0
2013-05-31,41000.0,,,41000.0,0.0,41000.0,0.0
2013-06-07,41000.0,,,41000.0,0.0,41000.0,0.0
2013-06-14,41000.0,,,41000.0,0.0,41000.0,0.0
2013-06-21,41000.0,,,41000.0,0.0,41000.0,0.0
2013-06-28,41000.0,,,41000.0,0.0,41000.0,0.0
2013-07-05,41000.0,,,41000.0,0.0,41000.0,0.0
2013-07-12,41000.0,,,41000.0,0.0,41000.0,0.0
2013-07-19,41000.0,,,41000.0,0.0,41000.0,0.0
2013-07-26,41000.0,,,41000.0,0.0,41000.0,0.0
2013-08-02,41000.0,,,41000.0,0.0,41000.0,0.0
2013-08-09,41000.0,,,41000.0,0.0,41000.0,0.0
2013-08-16,41000.0,,,41000.0,0.0,41000.0,0.0
2013-08-23,41000.0,,,41000.0,0.0,41000.0,0.0
2013-08-30,41000.0,,,41000.0,0.0,41000.0,0.0
2013-09-06,41000.0,,,41000.0,0.0,41000.0,0.0
2013-09-13,38600.0,,,41000.0,-0.06031979023352268,41000.0,-0.06031979023352268
2013-09-20,38500.0,,,38600.0,-0.0025940351770466466,41000.0,-0.06291382541056932
2013-09-27,38500.0,,,38500.0,0.0,38600.0,-0.0025940351770466466
2013-10-04,38500.0,,,38500.0,0.0,38500.0,0.0
2013-10-11,38500.0,,,38500.0,0.0,38500.0,0.0
2013-10-18,38500.0,,,38500.0,0.0,38500.0,0.0
2013-10-25,38500.0,,,38500.0,0.0,38500.0,0.0
2013-11-01,37900.0,,,38500.0,-0.01570712920535788,38500.0,-0.01570712920535788
2013-11-08,37000.0,,,37900.0,-0.02403319944415622,38500.0,-0.03974032864951411
2013-11-15,37000.0,,,37000.0,0.0,37900.0,-0.02403319944415622
2013-11-22,37000.0,,,37000.0,0.0,37000.0,0.0
2013-11-29,37000.0,,,37000.0,0.0,37000.0,0.0
2013-12-06,37000.0,,,37000.0,0.0,37000.0,0.0
2013-12-13,37000.0,,,37000.0,0.0,37000.0,0.0
2013-12-20,37000.0,,,37000.0,0.0,37000.0,0.0
2013-12-27,37000.0,,,37000.0,0.0,37000.0,0.0
2014-01-03,37000.0,,,37000.0,0.0,37000.0,0.0
2014-01-10,37000.0,,,37000.0,0.0,37000.0,0.0
2014-01-17,37000.0,,,37000.0,0.0,37000.0,0.0
2014-01-24,37000.0,,,37000.0,0.0,37000.0,0.0
2014-01-31,37000.0,,,37000.0,0.0,37000.0,0.0
2014-02-07,37000.0,,,37000.0,0.0,37000.0,0.0
2014-02-14,37000.0,,,37000.0,0.0,37000.0,0.0
2014-02-21,37000.0,,,37000.0,0.0,37000.0,0.0
2014-02-28,37000.0,,,37000.0,0.0,37000.0,0.0
2014-03-07,37000.0,,,37000.0,0.0,37000.0,0.0
2014-03-14,37000.0,,,37000.0,0.0,37000.0,0.0
2014-03-21,37000.0,,,37000.0,0.0,37000.0,0.0
2014-03-28,37000.0,,,37000.0,0.0,37000.0,0.0
2014-04-04,37000.0,,,37000.0,0.0,37000.0,0.0
2014-04-11,37000.0,,,37000.0,0.0,37000.0,0.0
2014-04-18,37000.0,,,37000.0,0.0,37000.0,0.0
2014-04-25,37000.0,,,37000.0,0.0,37000.0,0.0
2014-05-02,37000.0,,,37000.0,0.0,37000.0,0.0
2014-05-09,37000.0,,,37000.0,0.0,37000.0,0.0
2014-05-16,37000.0,,,37000.0,0.0,37000.0,0.0
2014-05-23,37000.0,,,37000.0,0.0,37000.0,0.0
2014-05-30,37000.0,,,37000.0,0.0,37000.0,0.0
2014-06-06,37000.0,,,37000.0,0.0,37000.0,0.0
2014-06-13,37000.0,,,37000.0,0.0,37000.0,0.0
2014-06-20,37000.0,,,37000.0,0.0,37000.0,0.0
2014-06-27,37000.0,,,37000.0,0.0,37000.0,0.0
2014-07-04,37000.0,,,37000.0,0.0,37000.0,0.0
2014-07-11,37000.0,,,37000.0,0.0,37000.0,0.0
2014-07-18,37000.0,,,37000.0,0.0,37000.0,0.0
2014-07-25,37000.0,,,37000.0,0.0,37000.0,0.0
2014-08-01,37000.0,,,37000.0,0.0,37000.0,0.0
2014-08-08,37000.0,,,37000.0,0.0,37000.0,0.0
2014-08-15,37000.0,,,37000.0,0.0,37000.0,0.0
2014-08-22,37000.0,,,37000.0,0.0,37000.0,0.0
2014-08-29,39000.0,,,37000.0,0.05264373348542188,37000.0,0.05264373348542188
2014-09-05,39000.0,,,39000.0,0.0,37000.0,0.05264373348542188
2014-09-12,39000.0,,,39000.0,0.0,39000.0,0.0
2014-09-19,39450.0,,,39000.0,0.011472401162236781,39000.0,0.011472401162236781
2014-09-26,39750.0,,,39450.0,0.007575793808457723,39000.0,0.01904819497069441
2014-10-03,39750.0,,,39750.0,0.0,39450.0,0.007575793808457723
2014-10-10,39750.0,,,39750.0,0.0,39750.0,0.0
2014-10-17,39750.0,,,39750.0,0.0,39750.0,0.0
2014-10-24,40050.0,,,39750.0,0.007518832414027319,39750.0,0.007518832414027319
2014-10-31,40250.0,,,40050.0,0.004981330350204162,39750.0,0.012500162764231468
2014-11-07,40250.0,,,40250.0,0.0,40050.0,0.004981330350204162
2014-11-14,40350.0,,,40250.0,0.002481390851385476,40250.0,0.002481390851385476
2014-11-21,40750.0,,,40350.0,0.009864444970914016,40250.0,0.012345835822299362
2014-11-24,40750.0,,,,,,
2014-11-25,40750.0,40750.0,0.0,,,,
2014-11-26,40750.0,40750.0,0.0,,,,
2014-11-27,40750.0,40750.0,0.0,,,,
2014-11-28,40750.0,40750.0,0.0,40750.0,0.0,40350.0,0.009864444970914016
2014-12-01,42000.0,,,40750.0,0.030213778596496633,,
2014-12-02,42000.0,42000.0,0.0,40750.0,0.030213778596496633,,
2014-12-03,42000.0,42000.0,0.0,40750.0,0.030213778596496633,,
2014-12-04,42000.0,42000.0,0.0,40750.0,0.030213778596496633,,
2014-12-05,42000.0,42000.0,0.0,40750.0,0.030213778596496633,40750.0,0.030213778596496633
2014-12-08,42000.0,,,42000.0,0.0,40750.0,0.030213778596496633
2014-12-09,42000.0,42000.0,0.0,42000.0,0.0,40750.0,0.030213778596496633
2014-12-10,42000.0,42000.0,0.0,42000.0,0.0,40750.0,0.030213778596496633
2014-12-11,42000.0,42000.0,0.0,42000.0,0.0,40750.0,0.030213778596496633
2014-12-12,42000.0,42000.0,0.0,42000.0,0.0,40750.0,0.030213778596496633
2014-12-15,42000.0,,,42000.0,0.0,42000.0,0.0
2014-12-16,42000.0,42000.0,0.0,42000.0,0.0,42000.0,0.0
2014-12-17,42000.0,42000.0,0.0,42000.0,0.0,42000.0,0.0
2014-12-18,42000.0,42000.0,0.0,42000.0,0.0,42000.0,0.0
2014-12-19,42000.0,42000.0,0.0,42000.0,0.0,42000.0,0.0
2014-12-22,42000.0,,,42000.0,0.0,42000.0,0.0
2014-12-23,42000.0,42000.0,0.0,42000.0,0.0,42000.0,0.0
2014-12-24,42000.0,42000.0,0.0,42000.0,0.0,42000.0,0.0
2014-12-25,42000.0,42000.0,0.0,42000.0,0.0,42000.0,0.0
2014-12-26,42000.0,42000.0,0.0,42000.0,0.0,42000.0,0.0
2014-12-29,42000.0,,,42000.0,0.0,42000.0,0.0
2014-12-30,42000.0,42000.0,0.0,42000.0,0.0,42000.0,0.0
2014-12-31,42000.0,42000.0,0.0,42000.0,0.0,42000.0,0.0
2015-01-05,42000.0,,,42000.0,0.0,42000.0,0.0
2015-01-07,42500.0,,,42000.0,0.011834457647002798,42000.0,0.011834457647002798
2015-01-08,42500.0,42500.0,0.0,,,42000.0,0.011834457647002798
2015-01-09,42500.0,42500.0,0.0,,,42000.0,0.011834457647002798
2015-01-12,42500.0,,,42000.0,0.011834457647002798,42000.0,0.011834457647002798
2015-01-13,42500.0,42500.0,0.0,,,42000.0,0.011834457647002798
2015-01-14,42500.0,42500.0,0.0,42500.0,0.0,42000.0,0.011834457647002798
2015-01-15,42500.0,42500.0,0.0,42500.0,0.0,,
2015-01-16,42500.0,42500.0,0.0,42500.0,0.0,,
2015-01-19,42500.0,,,42500.0,0.0,42000.0,0.011834457647002798
2015-01-20,42500.0,42500.0,0.0,42500.0,0.0,,
2015-01-21,42500.0,42500.0,0.0,42500.0,0.0,42500.0,0.0
2015-01-22,42500.0,42500.0,0.0,42500.0,0.0,42500.0,0.0
2015-01-23,42500.0,42500.0,0.0,42500.0,0.0,42500.0,0.0
2015-01-26,42500.0,,,42500.0,0.0,42500.0,0.0
2015-01-27,43500.0,42500.0,0.023256862164267183,42500.0,0.023256862164267183,42500.0,0.023256862164267183
2015-01-29,43500.0,,,42500.0,0.023256862164267183,42500.0,0.023256862164267183
2015-01-30,43500.0,43500.0,0.0,42500.0,0.023256862164267183,42500.0,0.023256862164267183
2015-02-02,43500.0,,,42500.0,0.023256862164267183,42500.0,0.023256862164267183
2015-02-03,43500.0,43500.0,0.0,43500.0,0.0,42500.0,0.023256862164267183
2015-02-04,43500.0,43500.0,0.0,,,42500.0,0.023256862164267183
2015-02-05,43500.0,43500.0,0.0,43500.0,0.0,42500.0,0.023256862164267183
2015-02-06,43500.0,43500.0,0.0,43500.0,0.0,42500.0,0.023256862164267183
2015-02-09,43500.0,,,43500.0,0.0,42500.0,0.023256862164267183
2015-02-10,43500.0,43500.0,0.0,43500.0,0.0,43500.0,0.0
2015-02-11,43500.0,43500.0,0.0,43500.0,0.0,,
2015-02-12,43500.0,43500.0,0.0,43500.0,0.0,43500.0,0.0
2015-02-13,43500.0,43500.0,0.0,43500.0,0.0,43500.0,0.0
2015-02-16,43500.0,,,43500.0,0.0,43500.0,0.0
2015-02-17,43500.0,43500.0,0.0,43500.0,0.0,43500.0,0.0
2015-02-25,43500.0,,,,,43500.0,0.0
2015-02-26,43500.0,43500.0,0.0,,,43500.0,0.0
2015-02-27,43500.0,43500.0,0.0,,,43500.0,0.0
2015-03-02,43500.0,,,,,43500.0,0.0
2015-03-03,43500.0,43500.0,0.0,,,43500.0,0.0
2015-03-04,43500.0,43500.0,0.0,43500.0,0.0,,
2015-03-05,43500.0,43500.0,0.0,43500.0,0.0,,
2015-03-06,43500.0,43500.0,0.0,43500.0,0.0,,
2015-03-09,43500.0,,,43500.0,0.0,,
2015-03-10,43500.0,43500.0,0.0,43500.0,0.0,,
2015-03-11,43500.0,43500.0,0.0,43500.0,0.0,43500.0,0.0
2015-03-12,43500.0,43500.0,0.0,43500.0,0.0,43500.0,0.0
2015-03-13,43500.0,43500.0,0.0,43500.0,0.0,43500.0,0.0
2015-03-17,43500.0,,,43500.0,0.0,43500.0,0.0
2015-03-18,44000.0,43500.0,0.01142869582362285,43500.0,0.01142869582362285,43500.0,0.01142869582362285
2015-03-19,44000.0,44000.0,0.0,43500.0,0.01142869582362285,43500.0,0.01142869582362285
2015-03-20,44000.0,44000.0,0.0,43500.0,0.01142869582362285,43500.0,0.01142869582362285
2015-03-23,44000.0,,,,,43500.0,0.01142869582362285
2015-03-24,44000.0,44000.0,0.0,43500.0,0.01142869582362285,43500.0,0.01142869582362285
2015-03-25,44000.0,44000.0,0.0,44000.0,0.0,43500.0,0.01142869582362285
2015-03-26,44000.0,44000.0,0.0,44000.0,0.0,43500.0,0.01142869582362285
2015-03-27,44000.0,44000.0,0.0,44000.0,0.0,43500.0,0.01142869582362285
2015-03-30,44000.0,,,44000.0,0.0,,
2015-03-31,44000.0,44000.0,0.0,44000.0,0.0,43500.0,0.01142869582362285
2015-04-01,45000.0,44000.0,0.022472855852058576,44000.0,0.022472855852058576,44000.0,0.022472855852058576
2015-04-02,45000.0,45000.0,0.0,44000.0,0.022472855852058576,44000.0,0.022472855852058576
2015-04-03,45000.0,45000.0,0.0,44000.0,0.022472855852058576,44000.0,0.022472855852058576
2015-04-07,45000.0,,,44000.0,0.022472855852058576,44000.0,0.022472855852058576
2015-04-08,45000.0,45000.0,0.0,45000.0,0.0,44000.0,0.022472855852058576
2015-04-09,45000.0,45000.0,0.0,45000.0,0.0,44000.0,0.022472855852058576
2015-04-10,46000.0,45000.0,0.021978906718775167,45000.0,0.021978906718775167,44000.0,0.044451762570833796
2015-04-13,46000.0,,,,,44000.0,0.044451762570833796
2015-04-14,46000.0,46000.0,0.0,45000.0,0.021978906718775167,44000.0,0.044451762570833796
2015-04-15,46000.0,46000.0,0.0,45000.0,0.021978906718775167,45000.0,0.021978906718775167
2015-04-16,46000.0,46000.0,0.0,45000.0,0.021978906718775167,45000.0,0.021978906718775167
2015-04-17,46000.0,46000.0,0.0,46000.0,0.0,45000.0,0.021978906718775167
2015-04-20,46000.0,,,46000.0,0.0,,
2015-04-21,46000.0,46000.0,0.0,46000.0,0.0,45000.0,0.021978906718775167
2015-04-22,46000.0,46000.0,0.0,46000.0,0.0,45000.0,0.021978906718775167
2015-04-23,47000.0,46000.0,0.021506205220963682,46000.0,0.021506205220963682,45000.0,0.04348511193973889
2015-04-24,47000.0,47000.0,0.0,46000.0,0.021506205220963682,46000.0,0.021506205220963682
2015-04-27,47000.0,,,46000.0,0.021506205220963682,46000.0,0.021506205220963682
2015-04-28,47000.0,47000.0,0.0,46000.0,0.021506205220963682,46000.0,0.021506205220963682
2015-04-29,47000.0,47000.0,0.0,46000.0,0.021506205220963682,46000.0,0.021506205220963682
2015-04-30,47000.0,47000.0,0.0,47000.0,0.0,46000.0,0.021506205220963682
2015-05-04,47000.0,,,47000.0,0.0,46000.0,0.021506205220963682
2015-05-05,47000.0,47000.0,0.0,47000.0,0.0,46000.0,0.021506205220963682
2015-05-06,47000.0,47000.0,0.0,47000.0,0.0,46000.0,0.021506205220963682
2015-05-07,47000.0,47000.0,0.0,47000.0,0.0,47000.0,0.0
2015-05-08,47000.0,47000.0,0.0,,,47000.0,0.0
2015-05-11,47000.0,,,47000.0,0.0,47000.0,0.0
2015-05-12,47000.0,47000.0,0.0,47000.0,0.0,47000.0,0.0
2015-05-13,47000.0,47000.0,0.0,47000.0,0.0,47000.0,0.0
2015-05-14,47000.0,47000.0,0.0,47000.0,0.0,47000.0,0.0
2015-05-15,47000.0,47000.0,0.0,47000.0,0.0,,
2015-05-18,47000.0,,,47000.0,0.0,47000.0,0.0
2015-05-19,47000.0,47000.0,0.0,47000.0,0.0,47000.0,0.0
2015-05-20,47000.0,47000.0,0.0,47000.0,0.0,47000.0,0.0
2015-05-21,47000.0,47000.0,0.0,47000.0,0.0,47000.0,0.0
2015-05-22,47000.0,47000.0,0.0,47000.0,0.0,47000.0,0.0
2015-05-25,47000.0,,,47000.0,0.0,47000.0,0.0
2015-05-26,47000.0,47000.0,0.0,47000.0,0.0,47000.0,0.0
2015-05-27,47000.0,47000.0,0.0,47000.0,0.0,47000.0,0.0
2015-05-28,48000.0,47000.0,0.021053409197832263,47000.0,0.021053409197832263,47000.0,0.021053409197832263
2015-05-29,48000.0,48000.0,0.0,47000.0,0.021053409197832263,47000.0,0.021053409197832263
2015-06-01,48000.0,,,47000.0,0.021053409197832263,47000.0,0.021053409197832263
2015-06-02,48000.0,48000.0,0.0,47000.0,0.021053409197832263,47000.0,0.021053409197832263
2015-06-03,48000.0,48000.0,0.0,47000.0,0.021053409197832263,47000.0,0.021053409197832263
2015-06-04,48000.0,48000.0,0.0,48000.0,0.0,47000.0,0.021053409197832263
2015-06-05,48000.0,48000.0,0.0,48000.0,0.0,47000.0,0.021053409197832263
2015-06-08,48000.0,,,48000.0,0.0,47000.0,0.021053409197832263
2015-06-09,48000.0,48000.0,0.0,48000.0,0.0,47000.0,0.021053409197832263
2015-06-10,48000.0,48000.0,0.0,48000.0,0.0,47000.0,0.021053409197832263
2015-06-11,49000.0,48000.0,0.02061928720273561,48000.0,0.02061928720273561,48000.0,0.02061928720273561
2015-06-12,49000.0,49000.0,0.0,48000.0,0.02061928720273561,48000.0,0.02061928720273561
2015-06-15,49000.0,,,48000.0,0.02061928720273561,48000.0,0.02061928720273561
2015-06-16,49000.0,49000.0,0.0,48000.0,0.02061928720273561,48000.0,0.02061928720273561
2015-06-17,49000.0,49000.0,0.0,48000.0,0.02061928720273561,48000.0,0.02061928720273561
2015-06-18,49000.0,49000.0,0.0,49000.0,0.0,48000.0,0.02061928720273561
2015-06-19,49000.0,49000.0,0.0,49000.0,0.0,48000.0,0.02061928720273561
2015-06-23,49000.0,,,49000.0,0.0,48000.0,0.02061928720273561
2015-06-24,49000.0,49000.0,0.0,49000.0,0.0,48000.0,0.02061928720273561
2015-06-25,49000.0,49000.0,0.0,49000.0,0.0,49000.0,0.0
2015-06-26,49000.0,49000.0,0.0,49000.0,0.0,49000.0,0.0
2015-06-29,49000.0,,,,,49000.0,0.0
2015-06-30,49000.0,49000.0,0.0,49000.0,0.0,49000.0,0.0
2015-07-01,49000.0,49000.0,0.0,49000.0,0.0,49000.0,0.0
2015-07-02,49000.0,49000.0,0.0,49000.0,0.0,49000.0,0.0
2015-07-03,49000.0,49000.0,0.0,49000.0,0.0,49000.0,0.0
2015-07-06,49000.0,,,49000.0,0.0,,
2015-07-07,49000.0,49000.0,0.0,49000.0,0.0,49000.0,0.0
2015-07-08,49000.0,49000.0,0.0,49000.0,0.0,49000.0,0.0
2015-07-09,49000.0,49000.0,0.0,49000.0,0.0,49000.0,0.0
2015-07-10,49000.0,49000.0,0.0,49000.0,0.0,49000.0,0.0
2015-07-13,49000.0,,,49000.0,0.0,49000.0,0.0
2015-07-14,49000.0,49000.0,0.0,49000.0,0.0,49000.0,0.0
2015-07-15,49000.0,49000.0,0.0,49000.0,0.0,49000.0,0.0
2015-07-16,49000.0,49000.0,0.0,49000.0,0.0,49000.0,0.0
2015-07-17,49000.0,49000.0,0.0,49000.0,0.0,49000.0,0.0
2015-07-20,49000.0,,,49000.0,0.0,49000.0,0.0
2015-07-21,49000.0,49000.0,0.0,49000.0,0.0,49000.0,0.0
2015-07-22,49000.0,49000.0,0.0,49000.0,0.0,49000.0,0.0
2015-07-23,49000.0,49000.0,0.0,49000.0,0.0,49000.0,0.0
2015-07-24,49000.0,49000.0,0.0,49000.0,0.0,49000.0,0.0
2015-07-27,49000.0,,,49000.0,0.0,49000.0,0.0
2015-07-28,49000.0,49000.0,0.0,49000.0,0.0,49000.0,0.0
2015-07-29,49000.0,49000.0,0.0,49000.0,0.0,49000.0,0.0
2015-07-30,49000.0,49000.0,0.0,49000.0,0.0,49000.0,0.0
2015-07-31,49000.0,49000.0,0.0,49000.0,0.0,49000.0,0.0
2015-08-03,49000.0,,,49000.0,0.0,49000.0,0.0
2015-08-04,49000.0,49000.0,0.0,49000.0,0.0,49000.0,0.0
2015-08-05,49000.0,49000.0,0.0,49000.0,0.0,49000.0,0.0
2015-08-06,49000.0,49000.0,0.0,49000.0,0.0,49000.0,0.0
2015-08-07,49000.0,49000.0,0.0,49000.0,0.0,49000.0,0.0
2015-08-10,49000.0,,,49000.0,0.0,49000.0,0.0
2015-08-11,49000.0,49000.0,0.0,49000.0,0.0,49000.0,0.0
2015-08-12,49000.0,49000.0,0.0,49000.0,0.0,49000.0,0.0
2015-08-13,49000.0,49000.0,0.0,49000.0,0.0,49000.0,0.0
2015-08-14,49000.0,49000.0,0.0,49000.0,0.0,49000.0,0.0
2015-08-17,49000.0,,,49000.0,0.0,49000.0,0.0
2015-08-18,49000.0,49000.0,0.0,49000.0,0.0,49000.0,0.0
2015-08-19,49000.0,49000.0,0.0,49000.0,0.0,49000.0,0.0
2015-08-20,49000.0,49000.0,0.0,49000.0,0.0,49000.0,0.0
2015-08-21,49000.0,49000.0,0.0,49000.0,0.0,49000.0,0.0
2015-08-24,49000.0,,,49000.0,0.0,49000.0,0.0
2015-08-25,49000.0,49000.0,0.0,49000.0,0.0,49000.0,0.0
2015-08-26,50000.0,49000.0,0.02020270731751947,49000.0,0.02020270731751947,49000.0,0.02020270731751947
2015-08-27,50000.0,50000.0,0.0,49000.0,0.02020270731751947,49000.0,0.02020270731751947
2015-08-28,50000.0,50000.0,0.0,49000.0,0.02020270731751947,49000.0,0.02020270731751947
2015-08-31,50000.0,,,49000.0,0.02020270731751947,49000.0,0.02020270731751947
2015-09-01,50000.0,50000.0,0.0,49000.0,0.02020270731751947,49000.0,0.02020270731751947
2015-09-02,50000.0,50000.0,0.0,50000.0,0.0,49000.0,0.02020270731751947
2015-09-07,50000.0,,,50000.0,0.0,49000.0,0.02020270731751947
2015-09-08,50000.0,50000.0,0.0,50000.0,0.0,49000.0,0.02020270731751947
2015-09-09,50000.0,50000.0,0.0,50000.0,0.0,50000.0,0.0
2015-09-10,50000.0,50000.0,0.0,,,50000.0,0.0
2015-09-11,50000.0,50000.0,0.0,,,50000.0,0.0
2015-09-14,50000.0,,,50000.0,0.0,50000.0,0.0
2015-09-15,50000.0,50000.0,0.0,50000.0,0.0,50000.0,0.0
2015-09-16,50000.0,50000.0,0.0,50000.0,0.0,50000.0,0.0
2015-09-17,50000.0,50000.0,0.0,50000.0,0.0,,
2015-09-18,50000.0,50000.0,0.0,50000.0,0.0,,
2015-09-21,50000.0,,,50000.0,0.0,50000.0,0.0
2015-09-22,50000.0,50000.0,0.0,50000.0,0.0,50000.0,0.0
2015-09-23,50000.0,50000.0,0.0,50000.0,0.0,50000.0,0.0
2015-09-24,50000.0,50000.0,0.0,50000.0,0.0,50000.0,0.0
2015-09-25,50000.0,50000.0,0.0,50000.0,0.0,50000.0,0.0
2015-09-28,50000.0,,,50000.0,0.0,50000.0,0.0
2015-09-29,50000.0,50000.0,0.0,50000.0,0.0,50000.0,0.0
2015-09-30,50000.0,50000.0,0.0,50000.0,0.0,50000.0,0.0
2015-10-08,50000.0,,,,,50000.0,0.0
2015-10-09,50000.0,50000.0,0.0,,,50000.0,0.0
2015-10-12,50000.0,,,,,50000.0,0.0
2015-10-13,54000.0,50000.0,0.0769610411361284,,,50000.0,0.0769610411361284
2015-10-14,54000.0,54000.0,0.0,,,50000.0,0.0769610411361284
2015-10-15,54000.0,54000.0,0.0,50000.0,0.0769610411361284,,
2015-10-16,54000.0,54000.0,0.0,50000.0,0.0769610411361284,,
2015-10-19,54000.0,,,50000.0,0.0769610411361284,,
2015-10-20,54000.0,54000.0,0.0,54000.0,0.0,,
2015-10-21,54000.0,54000.0,0.0,54000.0,0.0,,
2015-10-22,54000.0,54000.0,0.0,54000.0,0.0,50000.0,0.0769610411361284
2015-10-23,54000.0,54000.0,0.0,54000.0,0.0,50000.0,0.0769610411361284
2015-10-26,59000.0,,,54000.0,0.08855339734144503,50000.0,0.16551443847757333
2015-10-27,59000.0,59000.0,0.0,54000.0,0.08855339734144503,54000.0,0.08855339734144503
2015-10-28,59000.0,59000.0,0.0,54000.0,0.08855339734144503,54000.0,0.08855339734144503
2015-10-29,59000.0,59000.0,0.0,54000.0,0.08855339734144503,54000.0,0.08855339734144503
2015-10-30,59000.0,59000.0,0.0,54000.0,0.08855339734144503,54000.0,0.08855339734144503
2015-11-02,59000.0,,,59000.0,0.0,54000.0,0.08855339734144503
2015-11-03,59000.0,59000.0,0.0,59000.0,0.0,54000.0,0.08855339734144503
2015-11-04,59000.0,59000.0,0.0,59000.0,0.0,54000.0,0.08855339734144503
2015-11-05,59000.0,59000.0,0.0,59000.0,0.0,54000.0,0.08855339734144503
2015-11-06,59000.0,59000.0,0.0,59000.0,0.0,54000.0,0.08855339734144503
2015-11-09,59000.0,,,59000.0,0.0,59000.0,0.0
2015-11-10,59000.0,59000.0,0.0,59000.0,0.0,59000.0,0.0
2015-11-11,59000.0,59000.0,0.0,59000.0,0.0,59000.0,0.0
2015-11-12,61500.0,59000.0,0.04149973090675284,59000.0,0.04149973090675284,59000.0,0.04149973090675284
2015-11-13,61500.0,61500.0,0.0,59000.0,0.04149973090675284,59000.0,0.04149973090675284
2015-11-16,63500.0,,,59000.0,0.07350246199292652,59000.0,0.07350246199292652
2015-11-17,63500.0,63500.0,0.0,59000.0,0.07350246199292652,59000.0,0.07350246199292652
2015-11-18,63500.0,63500.0,0.0,59000.0,0.07350246199292652,59000.0,0.07350246199292652
2015-11-19,68500.0,63500.0,0.07579383936953372,61500.0,0.10779657045570738,59000.0,0.14929630136246017
2015-11-20,68500.0,68500.0,0.0,61500.0,0.10779657045570738,59000.0,0.14929630136246017
2015-11-23,68500.0,,,63500.0,0.07579383936953372,59000.0,0.14929630136246017
2015-11-24,68500.0,68500.0,0.0,63500.0,0.07579383936953372,59000.0,0.14929630136246017
2015-11-25,68500.0,68500.0,0.0,63500.0,0.07579383936953372,59000.0,0.14929630136246017
2015-11-26,73500.0,68500.0,0.0704516609506113,68500.0,0.0704516609506113,61500.0,0.17824823140631876
2015-11-27,73500.0,73500.0,0.0,68500.0,0.0704516609506113,61500.0,0.17824823140631876
2015-11-30,73500.0,,,68500.0,0.0704516609506113,63500.0,0.14624550032014497
2015-12-01,73500.0,73500.0,0.0,68500.0,0.0704516609506113,63500.0,0.14624550032014497
2015-12-02,78500.0,73500.0,0.06581321856957183,68500.0,0.13626487952018318,63500.0,0.2120587188897168
2015-12-03,78500.0,78500.0,0.0,73500.0,0.06581321856957183,68500.0,0.13626487952018318
2015-12-04,83500.0,78500.0,0.06174800706844703,73500.0,0.12756122563801875,68500.0,0.19801288658863014
2015-12-07,83500.0,,,73500.0,0.12756122563801875,68500.0,0.19801288658863014
2015-12-08,83500.0,83500.0,0.0,73500.0,0.12756122563801875,68500.0,0.19801288658863014
2015-12-09,88500.0,83500.0,0.05815592015707406,78500.0,0.11990392722552105,68500.0,0.2561688067457043
2015-12-10,88500.0,88500.0,0.0,78500.0,0.11990392722552105,73500.0,0.18571714579509285
2015-12-11,88500.0,88500.0,0.0,83500.0,0.05815592015707406,73500.0,0.18571714579509285
2015-12-14,88500.0,,,83500.0,0.05815592015707406,73500.0,0.18571714579509285
2015-12-15,98500.0,88500.0,0.10705399616415942,83500.0,0.16520991632123347,73500.0,0.29277114195925213
2015-12-16,98500.0,98500.0,0.0,88500.0,0.10705399616415942,78500.0,0.2269579233896804
2015-12-17,98500.0,98500.0,0.0,88500.0,0.10705399616415942,78500.0,0.2269579233896804
2015-12-18,98500.0,98500.0,0.0,88500.0,0.10705399616415942,83500.0,0.16520991632123347
2015-12-21,98500.0,,,88500.0,0.10705399616415942,83500.0,0.16520991632123347
2015-12-22,98500.0,98500.0,0.0,98500.0,0.0,83500.0,0.16520991632123347
2015-12-23,98500.0,98500.0,0.0,98500.0,0.0,88500.0,0.10705399616415942
2015-12-24,103500.0,98500.0,0.0495150645273805,98500.0,0.0495150645273805,88500.0,0.15656906069153992
2015-12-25,103500.0,103500.0,0.0,98500.0,0.0495150645273805,88500.0,0.15656906069153992
2015-12-28,103500.0,,,98500.0,0.0495150645273805,88500.0,0.15656906069153992
2015-12-29,106500.0,103500.0,0.028573372444055948,98500.0,0.07808843697143662,98500.0,0.07808843697143662
2015-12-30,106500.0,106500.0,0.0,98500.0,0.07808843697143662,98500.0,0.07808843697143662
2015-12-31,106500.0,106500.0,0.0,103500.0,0.028573372444055948,98500.0,0.07808843697143662
2016-01-04,106500.0,,,103500.0,0.028573372444055948,98500.0,0.07808843697143662
2016-01-05,106500.0,106500.0,0.0,106500.0,0.0,98500.0,0.07808843697143662
2016-01-06,106500.0,106500.0,0.0,106500.0,0.0,98500.0,0.07808843697143662
2016-01-07,106500.0,106500.0,0.0,106500.0,0.0,103500.0,0.028573372444055948
2016-01-08,106500.0,106500.0,0.0,,,103500.0,0.028573372444055948
2016-01-11,106500.0,,,106500.0,0.0,103500.0,0.028573372444055948
2016-01-12,116500.0,106500.0,0.08974628785627548,106500.0,0.08974628785627548,106500.0,0.08974628785627548
2016-01-13,116500.0,116500.0,0.0,106500.0,0.08974628785627548,106500.0,0.08974628785627548
2016-01-14,116500.0,116500.0,0.0,106500.0,0.08974628785627548,106500.0,0.08974628785627548
2016-01-15,116500.0,116500.0,0.0,106500.0,0.08974628785627548,,
2016-01-18,116500.0,,,106500.0,0.08974628785627548,106500.0,0.08974628785627548
2016-01-19,121500.0,116500.0,0.04202298977484787,116500.0,0.04202298977484787,106500.0,0.13176927763112337
2016-01-20,121500.0,121500.0,0.0,116500.0,0.04202298977484787,106500.0,0.13176927763112337
2016-01-21,121500.0,121500.0,0.0,116500.0,0.04202298977484787,106500.0,0.13176927763112337
2016-01-22,121500.0,121500.0,0.0,116500.0,0.04202298977484787,106500.0,0.13176927763112337
2016-01-25,126500.0,,,116500.0,0.08235103516181963,106500.0,0.17209732301809516
2016-01-26,126500.0,126500.0,0.0,121500.0,0.04032804538697181,116500.0,0.08235103516181963
2016-01-27,126500.0,126500.0,0.0,121500.0,0.04032804538697181,116500.0,0.08235103516181963
2016-01-28,131500.0,126500.0,0.03876454345024431,121500.0,0.07909258883721616,116500.0,0.12111557861206393
2016-01-29,131500.0,131500.0,0.0,121500.0,0.07909258883721616,116500.0,0.12111557861206393
2016-02-01,131500.0,,,126500.0,0.03876454345024431,116500.0,0.12111557861206393
2016-02-02,131500.0,131500.0,0.0,126500.0,0.03876454345024431,121500.0,0.07909258883721616
2016-02-03,131500.0,131500.0,0.0,126500.0,0.03876454345024431,121500.0,0.07909258883721616
2016-02-04,131500.0,131500.0,0.0,131500.0,0.0,121500.0,0.07909258883721616
2016-02-05,131500.0,131500.0,0.0,131500.0,0.0,121500.0,0.07909258883721616
2016-02-15,131500.0,,,,,131500.0,0.0
2016-02-16,131500.0,131500.0,0.0,,,131500.0,0.0
2016-02-17,136500.0,131500.0,0.03731776300719528,,,131500.0,0.03731776300719528
2016-02-18,136500.0,136500.0,0.0,,,131500.0,0.03731776300719528
2016-02-19,136500.0,136500.0,0.0,,,131500.0,0.03731776300719528
2016-02-22,136500.0,,,131500.0,0.03731776300719528,,
2016-02-23,136500.0,136500.0,0.0,131500.0,0.03731776300719528,,
2016-02-24,136500.0,136500.0,0.0,136500.0,0.0,,
2016-02-25,136500.0,136500.0,0.0,136500.0,0.0,,
2016-02-26,136500.0,136500.0,0.0,136500.0,0.0,,
2016-02-29,136500.0,,,136500.0,0.0,131500.0,0.03731776300719528
2016-03-01,136500.0,136500.0,0.0,136500.0,0.0,131500.0,0.03731776300719528
2016-03-02,146500.0,136500.0,0.07070081383210754,136500.0,0.07070081383210754,136500.0,0.07070081383210754
2016-03-03,146500.0,146500.0,0.0,136500.0,0.07070081383210754,136500.0,0.07070081383210754
2016-03-04,151500.0,146500.0,0.0335601964923019,136500.0,0.10426101032440946,136500.0,0.10426101032440946
2016-03-07,151500.0,,,136500.0,0.10426101032440946,136500.0,0.10426101032440946
2016-03-08,151500.0,151500.0,0.0,136500.0,0.10426101032440946,136500.0,0.10426101032440946
2016-03-09,151500.0,151500.0,0.0,146500.0,0.0335601964923019,136500.0,0.10426101032440946
2016-03-10,156500.0,151500.0,0.03247038503078403,146500.0,0.06603058152308582,136500.0,0.1367313953551934
2016-03-11,161500.0,156500.0,0.031449132682503295,151500.0,0.06391951771328731,136500.0,0.1681805280376968
2016-03-14,161500.0,,,151500.0,0.06391951771328731,136500.0,0.1681805280376968
2016-03-15,161500.0,161500.0,0.0,151500.0,0.06391951771328731,136500.0,0.1681805280376968
2016-03-16,161500.0,161500.0,0.0,151500.0,0.06391951771328731,146500.0,0.09747971420558921
2016-03-17,161500.0,161500.0,0.0,156500.0,0.031449132682503295,146500.0,0.09747971420558921
2016-03-18,161500.0,161500.0,0.0,161500.0,0.0,151500.0,0.06391951771328731
2016-03-21,161500.0,,,161500.0,0.0,151500.0,0.06391951771328731
2016-03-22,161500.0,161500.0,0.0,161500.0,0.0,151500.0,0.06391951771328731
2016-03-23,161500.0,161500.0,0.0,161500.0,0.0,151500.0,0.06391951771328731
2016-03-24,161500.0,161500.0,0.0,161500.0,0.0,156500.0,0.031449132682503295
2016-03-25,161500.0,161500.0,0.0,161500.0,0.0,161500.0,0.0
2016-03-28,161500.0,,,161500.0,0.0,161500.0,0.0
2016-03-29,161500.0,161500.0,0.0,161500.0,0.0,161500.0,0.0
2016-03-30,161500.0,161500.0,0.0,161500.0,0.0,161500.0,0.0
2016-03-31,161500.0,161500.0,0.0,161500.0,0.0,161500.0,0.0
2016-04-01,161500.0,161500.0,0.0,161500.0,0.0,161500.0,0.0
2016-04-05,161500.0,,,161500.0,0.0,161500.0,0.0
2016-04-06,161500.0,161500.0,0.0,161500.0,0.0,161500.0,0.0
2016-04-07,161500.0,161500.0,0.0,161500.0,0.0,161500.0,0.0
2016-04-08,161500.0,161500.0,0.0,161500.0,0.0,161500.0,0.0
2016-04-11,161500.0,,,,,161500.0,0.0
2016-04-12,166500.0,161500.0,0.030490166757787204,161500.0,0.030490166757787204,161500.0,0.030490166757787204
2016-04-13,166500.0,166500.0,0.0,161500.0,0.030490166757787204,161500.0,0.030490166757787204
2016-04-14,166500.0,166500.0,0.0,161500.0,0.030490166757787204,161500.0,0.030490166757787204
2016-04-15,166500.0,166500.0,0.0,161500.0,0.030490166757787204,161500.0,0.030490166757787204
2016-04-18,166500.0,,,161500.0,0.030490166757787204,,
2016-04-19,166500.0,166500.0,0.0,166500.0,0.0,161500.0,0.030490166757787204
2016-04-20,171500.0,166500.0,0.02958795718549608,166500.0,0.02958795718549608,161500.0,0.06007812394328342
2016-04-21,171500.0,171500.0,0.0,166500.0,0.02958795718549608,161500.0,0.06007812394328342
2016-04-22,171500.0,171500.0,0.0,166500.0,0.02958795718549608,161500.0,0.06007812394328342
2016-04-25,171500.0,,,166500.0,0.02958795718549608,161500.0,0.06007812394328342
2016-04-26,171500.0,171500.0,0.0,166500.0,0.02958795718549608,166500.0,0.02958795718549608
2016-04-27,171500.0,171500.0,0.0,171500.0,0.0,166500.0,0.02958795718549608
2016-04-28,171500.0,171500.0,0.0,171500.0,0.0,166500.0,0.02958795718549608
2016-04-29,171500.0,171500.0,0.0,171500.0,0.0,166500.0,0.02958795718549608
2016-05-03,171500.0,,,171500.0,0.0,166500.0,0.02958795718549608
2016-05-04,171500.0,171500.0,0.0,171500.0,0.0,171500.0,0.0
2016-05-05,167500.0,171500.0,-0.02359991534087349,171500.0,-0.02359991534087349,171500.0,-0.02359991534087349
2016-05-06,167500.0,167500.0,0.0,171500.0,-0.02359991534087349,171500.0,-0.02359991534087349
2016-05-09,167500.0,,,,,171500.0,-0.02359991534087349
2016-05-10,167500.0,167500.0,0.0,171500.0,-0.02359991534087349,171500.0,-0.02359991534087349
2016-05-11,167500.0,167500.0,0.0,171500.0,-0.02359991534087349,171500.0,-0.02359991534087349
2016-05-12,165000.0,167500.0,-0.015037877364540559,167500.0,-0.015037877364540559,171500.0,-0.03863779270541394
2016-05-13,165000.0,165000.0,0.0,167500.0,-0.015037877364540559,171500.0,-0.03863779270541394
2016-05-16,165000.0,,,167500.0,-0.015037877364540559,,
2016-05-17,165000.0,165000.0,0.0,167500.0,-0.015037877364540559,171500.0,-0.03863779270541394
2016-05-18,165000.0,165000.0,0.0,167500.0,-0.015037877364540559,171500.0,-0.03863779270541394
2016-05-19,165000.0,165000.0,0.0,165000.0,0.0,167500.0,-0.015037877364540559
2016-05-20,165000.0,165000.0,0.0,165000.0,0.0,167500.0,-0.015037877364540559
2016-05-23,165000.0,,,165000.0,0.0,167500.0,-0.015037877364540559
2016-05-24,165000.0,165000.0,0.0,165000.0,0.0,167500.0,-0.015037877364540559
2016-05-25,163000.0,165000.0,-0.012195273093818243,165000.0,-0.012195273093818243,167500.0,-0.02723315045835885
2016-05-26,163000.0,163000.0,0.0,165000.0,-0.012195273093818243,165000.0,-0.012195273093818243
2016-05-27,163000.0,163000.0,0.0,165000.0,-0.012195273093818243,165000.0,-0.012195273093818243
2016-05-30,163000.0,,,165000.0,-0.012195273093818243,165000.0,-0.012195273093818243
2016-05-31,163000.0,163000.0,0.0,165000.0,-0.012195273093818243,165000.0,-0.012195273093818243
2016-06-01,163000.0,163000.0,0.0,163000.0,0.0,165000.0,-0.012195273093818243
2016-06-02,163000.0,163000.0,0.0,163000.0,0.0,165000.0,-0.012195273093818243
2016-06-03,163000.0,163000.0,0.0,163000.0,0.0,165000.0,-0.012195273093818243
2016-06-06,163000.0,,,163000.0,0.0,165000.0,-0.012195273093818243
2016-06-07,163000.0,163000.0,0.0,163000.0,0.0,165000.0,-0.012195273093818243
2016-06-08,163000.0,163000.0,0.0,163000.0,0.0,163000.0,0.0
2016-06-13,163000.0,,,163000.0,0.0,163000.0,0.0
2016-06-14,163000.0,163000.0,0.0,163000.0,0.0,163000.0,0.0
2016-06-15,163000.0,163000.0,0.0,163000.0,0.0,163000.0,0.0
2016-06-16,163000.0,163000.0,0.0,,,163000.0,0.0
2016-06-17,163000.0,163000.0,0.0,,,163000.0,0.0
2016-06-20,163000.0,,,163000.0,0.0,163000.0,0.0
2016-06-21,163000.0,163000.0,0.0,163000.0,0.0,163000.0,0.0
2016-06-22,163000.0,163000.0,0.0,163000.0,0.0,163000.0,0.0
2016-06-23,163000.0,163000.0,0.0,163000.0,0.0,,
2016-06-24,157500.0,163000.0,-0.03432474254107461,163000.0,-0.03432474254107461,,
2016-06-27,157500.0,,,163000.0,-0.03432474254107461,163000.0,-0.03432474254107461
2016-06-28,157500.0,157500.0,0.0,163000.0,-0.03432474254107461,163000.0,-0.03432474254107461
2016-06-29,157500.0,157500.0,0.0,163000.0,-0.03432474254107461,163000.0,-0.03432474254107461
2016-06-30,157500.0,157500.0,0.0,163000.0,-0.03432474254107461,163000.0,-0.03432474254107461
2016-07-01,157500.0,157500.0,0.0,157500.0,0.0,163000.0,-0.03432474254107461
2016-07-04,157500.0,,,157500.0,0.0,163000.0,-0.03432474254107461
2016-07-05,157500.0,157500.0,0.0,157500.0,0.0,163000.0,-0.03432474254107461
2016-07-06,152500.0,157500.0,-0.032260862218221435,157500.0,-0.032260862218221435,163000.0,-0.06658560475929598
2016-07-07,152500.0,152500.0,0.0,157500.0,-0.032260862218221435,163000.0,-0.06658560475929598
2016-07-08,152500.0,152500.0,0.0,157500.0,-0.032260862218221435,157500.0,-0.032260862218221435
2017-03-22,0.0,,,,,,
2017-03-23,0.0,0.0,,,,,
2017-03-27,0.0,,,,,,
2017-03-28,0.0,0.0,,,,,
2017-03-29,0.0,0.0,,0.0,,,
2017-03-30,0.0,0.0,,0.0,,,
2017-03-31,0.0,0.0,,,,,
2017-04-05,0.0,,,0.0,,0.0,
2017-04-06,0.0,0.0,,0.0,,0.0,
2017-04-10,0.0,,,,,0.0,
2017-04-12,0.0,,,0.0,,0.0,
2017-04-13,0.0,0.0,,0.0,,0.0,
2017-04-18,0.0,,,,,,
2017-04-20,0.0,,,0.0,,0.0,
2017-04-21,0.0,0.0,,,,,
2017-04-27,0.0,,,0.0,,0.0,
2017-04-28,0.0,0.0,,0.0,,,
2017-05-05,0.0,,,0.0,,0.0,
2017-05-10,0.0,,,,,,
2017-05-11,0.0,0.0,,,,0.0,
2017-05-12,0.0,0.0,,0.0,,0.0,
2017-05-15,0.0,,,,,,
2017-05-16,0.0,0.0,,,,,
2017-05-17,0.0,0.0,,0.0,,,
2017-05-18,0.0,0.0,,0.0,,,
2017-05-19,0.0,0.0,,0.0,,0.0,
2017-05-22,0.0,,,0.0,,,
2017-05-23,0.0,0.0,,0.0,,,
2017-05-24,0.0,0.0,,0.0,,0.0,
2017-05-25,0.0,0.0,,0.0,,0.0,
2017-05-26,0.0,0.0,,0.0,,0.0,
2017-05-31,0.0,,,0.0,,0.0,
2017-06-01,0.0,0.0,,0.0,,0.0,
2017-06-02,0.0,0.0,,0.0,,0.0,
2017-06-05,0.0,,,,,0.0,
2017-06-06,0.0,0.0,,,,0.0,
2017-06-07,0.0,0.0,,0.0,,0.0,
2017-06-08,0.0,0.0,,0.0,,0.0,
2017-06-09,0.0,0.0,,0.0,,0.0,
2017-06-12,0.0,,,0.0,,,
2017-06-13,0.0,0.0,,0.0,,,
2017-06-14,0.0,0.0,,0.0,,0.0,
2017-06-15,0.0,0.0,,0.0,,0.0,
2017-06-16,0.0,0.0,,0.0,,0.0,
2017-06-19,0.0,,,0.0,,0.0,
2017-06-20,0.0,0.0,,0.0,,0.0,
2017-06-21,0.0,0.0,,0.0,,0.0,
2017-06-22,0.0,0.0,,0.0,,0.0,
2017-06-23,0.0,0.0,,0.0,,0.0,
2017-06-26,0.0,,,0.0,,0.0,
2017-06-27,0.0,0.0,,0.0,,0.0,
2017-06-28,0.0,0.0,,0.0,,0.0,
2017-06-29,0.0,0.0,,0.0,,0.0,
2017-06-30,0.0,0.0,,0.0,,0.0,
2017-07-03,0.0,,,0.0,,0.0,
2017-07-04,0.0,0.0,,0.0,,0.0,
2017-07-05,0.0,0.0,,0.0,,0.0,
2017-07-06,0.0,0.0,,0.0,,0.0,
2017-07-07,0.0,0.0,,0.0,,0.0,
2017-07-10,0.0,,,0.0,,0.0,
2017-07-11,152500.0,0.0,inf,0.0,inf,0.0,inf
2017-07-12,152500.0,152500.0,0.0,0.0,inf,0.0,inf
2017-07-13,152500.0,152500.0,0.0,0.0,inf,0.0,inf
2017-07-14,152500.0,152500.0,0.0,0.0,inf,0.0,inf
2017-07-17,152500.0,,,0.0,inf,0.0,inf
2017-07-18,152500.0,152500.0,0.0,152500.0,0.0,0.0,inf
2017-07-19,0.0,152500.0,-inf,152500.0,-inf,0.0,
2017-07-20,0.0,0.0,,152500.0,-inf,0.0,
2017-07-21,0.0,0.0,,152500.0,-inf,0.0,
2017-07-24,0.0,,,152500.0,-inf,0.0,
2017-07-25,0.0,0.0,,152500.0,-inf,152500.0,-inf
2017-07-26,0.0,0.0,,0.0,,152500.0,-inf
2017-07-27,0.0,0.0,,0.0,,152500.0,-inf
2017-07-28,0.0,0.0,,0.0,,152500.0,-inf
2017-07-31,0.0,,,0.0,,152500.0,-inf
2017-08-01,0.0,0.0,,0.0,,152500.0,-inf
2017-08-02,0.0,0.0,,0.0,,0.0,
2017-08-03,0.0,0.0,,0.0,,0.0,
2017-08-04,0.0,0.0,,0.0,,0.0,
2017-08-07,0.0,,,0.0,,0.0,
2017-08-08,0.0,0.0,,0.0,,0.0,
2017-08-09,0.0,0.0,,0.0,,0.0,
2017-08-10,0.0,0.0,,0.0,,0.0,
2017-08-11,0.0,0.0,,0.0,,0.0,
2017-08-14,0.0,,,0.0,,0.0,
2017-08-15,0.0,0.0,,0.0,,0.0,
2017-08-16,0.0,0.0,,0.0,,0.0,
2017-08-17,0.0,0.0,,0.0,,0.0,
2017-08-18,0.0,0.0,,0.0,,0.0,
2017-08-21,0.0,,,0.0,,0.0,
2017-08-22,0.0,0.0,,0.0,,0.0,
2017-08-23,0.0,0.0,,0.0,,0.0,
2017-08-24,0.0,0.0,,0.0,,0.0,
2017-08-25,0.0,0.0,,0.0,,0.0,
2017-08-28,0.0,,,0.0,,0.0,
2017-08-29,0.0,0.0,,0.0,,0.0,
2017-08-30,0.0,0.0,,0.0,,0.0,
2017-08-31,0.0,0.0,,0.0,,0.0,
2017-09-01,0.0,0.0,,0.0,,0.0,
2017-09-04,0.0,,,0.0,,0.0,
2017-09-05,0.0,0.0,,0.0,,0.0,
2017-09-06,0.0,0.0,,0.0,,0.0,
2017-09-07,153500.0,0.0,inf,0.0,inf,0.0,inf
2017-09-08,153500.0,153500.0,0.0,0.0,inf,0.0,inf
2017-09-11,153500.0,,,0.0,inf,0.0,inf
2017-09-12,154500.0,153500.0,0.0064935293105483115,0.0,inf,0.0,inf
2017-09-13,155500.0,154500.0,0.006451635281488595,0.0,inf,0.0,inf
2017-09-14,156500.0,155500.0,0.006410278360919019,153500.0,0.019355442952956072,0.0,inf
2017-09-15,157500.0,156500.0,0.0063694482854799285,153500.0,0.02572489123843592,0.0,inf
2017-09-18,157500.0,,,153500.0,0.02572489123843592,0.0,inf
2017-09-19,157500.0,157500.0,0.0,154500.0,0.019231361927887592,0.0,inf
2017-09-20,157500.0,157500.0,0.0,155500.0,0.012779726646399021,0.0,inf
2017-09-21,157500.0,157500.0,0.0,156500.0,0.0063694482854799285,153500.0,0.02572489123843592
2017-09-22,157500.0,157500.0,0.0,157500.0,0.0,153500.0,0.02572489123843592
2017-09-25,157500.0,,,157500.0,0.0,153500.0,0.02572489123843592
2017-09-26,157500.0,157500.0,0.0,157500.0,0.0,154500.0,0.019231361927887592
2017-09-27,157500.0,157500.0,0.0,157500.0,0.0,155500.0,0.012779726646399021
2017-09-28,157500.0,157500.0,0.0,157500.0,0.0,156500.0,0.0063694482854799285
2017-09-29,157500.0,157500.0,0.0,157500.0,0.0,157500.0,0.0
2017-10-09,159500.0,,,,,157500.0,0.012618463959211464
2017-10-10,159500.0,159500.0,0.0,,,157500.0,0.012618463959211464
2017-10-11,159500.0,159500.0,0.0,,,157500.0,0.012618463959211464
2017-10-12,162500.0,159500.0,0.01863407954489301,,,157500.0,0.03125254350410453
2017-10-13,163500.0,162500.0,0.006134988567515929,,,157500.0,0.03738753207162041
2017-10-16,163500.0,,,159500.0,0.02476906811240873,,
2017-10-17,163500.0,163500.0,0.0,159500.0,0.02476906811240873,,
2017-10-18,163500.0,163500.0,0.0,159500.0,0.02476906811240873,,
2017-10-19,166500.0,163500.0,0.01818231908319033,162500.0,0.02431730765070643,,
2017-10-20,167500.0,166500.0,0.005988041844622693,163500.0,0.02417036092781297,,
2017-10-23,167500.0,,,163500.0,0.02417036092781297,159500.0,0.0489394290402219
2017-10-24,167500.0,167500.0,0.0,163500.0,0.02417036092781297,159500.0,0.0489394290402219
2017-10-25,167500.0,167500.0,0.0,163500.0,0.02417036092781297,159500.0,0.0489394290402219
2017-10-26,167500.0,167500.0,0.0,166500.0,0.005988041844622693,162500.0,0.030305349495328843
2017-10-27,167500.0,167500.0,0.0,167500.0,0.0,163500.0,0.02417036092781297
2017-10-30,167500.0,,,167500.0,0.0,163500.0,0.02417036092781297
2017-10-31,167500.0,167500.0,0.0,167500.0,0.0,163500.0,0.02417036092781297
2017-11-01,167500.0,167500.0,0.0,167500.0,0.0,163500.0,0.02417036092781297
2017-11-02,167500.0,167500.0,0.0,167500.0,0.0,166500.0,0.005988041844622693
2017-11-03,167500.0,167500.0,0.0,167500.0,0.0,167500.0,0.0
2017-11-06,167500.0,,,167500.0,0.0,167500.0,0.0
2017-11-07,167500.0,167500.0,0.0,167500.0,0.0,167500.0,0.0
2017-11-08,167500.0,167500.0,0.0,167500.0,0.0,167500.0,0.0
2017-11-09,167500.0,167500.0,0.0,167500.0,0.0,167500.0,0.0
2017-11-10,167500.0,167500.0,0.0,167500.0,0.0,167500.0,0.0
2017-11-13,167500.0,,,167500.0,0.0,167500.0,0.0
2017-11-14,168000.0,167500.0,0.00298062813813772,167500.0,0.00298062813813772,167500.0,0.00298062813813772
2017-11-15,168000.0,168000.0,0.0,167500.0,0.00298062813813772,167500.0,0.00298062813813772
2017-11-16,168000.0,168000.0,0.0,167500.0,0.00298062813813772,167500.0,0.00298062813813772
2017-11-17,168000.0,168000.0,0.0,167500.0,0.00298062813813772,167500.0,0.00298062813813772
2017-11-20,168000.0,,,167500.0,0.00298062813813772,167500.0,0.00298062813813772
2017-11-21,168000.0,168000.0,0.0,168000.0,0.0,167500.0,0.00298062813813772
2017-11-22,168000.0,168000.0,0.0,168000.0,0.0,167500.0,0.00298062813813772
2017-11-23,168000.0,168000.0,0.0,168000.0,0.0,167500.0,0.00298062813813772
2017-11-24,168000.0,168000.0,0.0,168000.0,0.0,167500.0,0.00298062813813772
2017-11-27,168000.0,,,168000.0,0.0,167500.0,0.00298062813813772
2017-11-28,168000.0,168000.0,0.0,168000.0,0.0,168000.0,0.0
2017-11-29,168000.0,168000.0,0.0,168000.0,0.0,168000.0,0.0
2017-11-30,168000.0,168000.0,0.0,168000.0,0.0,168000.0,0.0
2017-12-01,168000.0,168000.0,0.0,168000.0,0.0,168000.0,0.0
2017-12-04,167500.0,,,168000.0,-0.0029806281381377893,168000.0,-0.0029806281381377893
2017-12-05,167500.0,167500.0,0.0,168000.0,-0.0029806281381377893,168000.0,-0.0029806281381377893
2017-12-06,167500.0,167500.0,0.0,168000.0,-0.0029806281381377893,168000.0,-0.0029806281381377893
2017-12-07,167500.0,167500.0,0.0,168000.0,-0.0029806281381377893,168000.0,-0.0029806281381377893
2017-12-08,167500.0,167500.0,0.0,168000.0,-0.0029806281381377893,168000.0,-0.0029806281381377893
2017-12-11,167500.0,,,167500.0,0.0,168000.0,-0.0029806281381377893
2017-12-12,167500.0,167500.0,0.0,167500.0,0.0,168000.0,-0.0029806281381377893
2017-12-13,167500.0,167500.0,0.0,167500.0,0.0,168000.0,-0.0029806281381377893
2017-12-14,167500.0,167500.0,0.0,167500.0,0.0,168000.0,-0.0029806281381377893
2017-12-15,167500.0,167500.0,0.0,167500.0,0.0,168000.0,-0.0029806281381377893
2017-12-18,167500.0,,,167500.0,0.0,167500.0,0.0
2017-12-19,167500.0,167500.0,0.0,167500.0,0.0,167500.0,0.0
2017-12-20,167500.0,167500.0,0.0,167500.0,0.0,167500.0,0.0
2017-12-21,167500.0,167500.0,0.0,167500.0,0.0,167500.0,0.0
2017-12-22,164500.0,167500.0,-0.018072781059694506,167500.0,-0.018072781059694506,167500.0,-0.018072781059694506
2017-12-25,164500.0,,,167500.0,-0.018072781059694506,167500.0,-0.018072781059694506
2017-12-26,164000.0,164500.0,-0.0030441423812281325,167500.0,-0.021116923440922697,167500.0,-0.021116923440922697
2017-12-27,164000.0,164000.0,0.0,167500.0,-0.021116923440922697,167500.0,-0.021116923440922697
2017-12-28,164000.0,164000.0,0.0,167500.0,-0.021116923440922697,167500.0,-0.021116923440922697
2017-12-29,164000.0,164000.0,0.0,164500.0,-0.0030441423812281325,167500.0,-0.021116923440922697
2018-01-02,164000.0,,,164000.0,0.0,167500.0,-0.021116923440922697
2018-01-03,164000.0,164000.0,0.0,164000.0,0.0,167500.0,-0.021116923440922697
2018-01-04,164000.0,164000.0,0.0,164000.0,0.0,167500.0,-0.021116923440922697
2018-01-05,164000.0,164000.0,0.0,164000.0,0.0,164500.0,-0.0030441423812281325
2018-01-08,164000.0,,,,,164500.0,-0.0030441423812281325
2018-01-09,162500.0,164000.0,-0.009188426054406255,164000.0,-0.009188426054406255,164000.0,-0.009188426054406255
2018-01-10,161500.0,162500.0,-0.0061728591070809675,164000.0,-0.015361285161487206,164000.0,-0.015361285161487206
2018-01-11,161500.0,161500.0,0.0,164000.0,-0.015361285161487206,164000.0,-0.015361285161487206
2018-01-12,161500.0,161500.0,0.0,164000.0,-0.015361285161487206,164000.0,-0.015361285161487206
2018-01-15,158500.0,,,164000.0,-0.03411183450686315,,
2018-01-16,158500.0,158500.0,0.0,162500.0,-0.02492340845245685,164000.0,-0.03411183450686315
2018-01-17,158500.0,158500.0,0.0,161500.0,-0.018750549345375917,164000.0,-0.03411183450686315
2018-01-18,155500.0,158500.0,-0.019108861698046473,161500.0,-0.03785941104342239,164000.0,-0.05322069620490965
2018-01-19,155500.0,155500.0,0.0,161500.0,-0.03785941104342239,164000.0,-0.05322069620490965
2018-01-22,155500.0,,,158500.0,-0.019108861698046473,164000.0,-0.05322069620490965
2018-01-23,155500.0,155500.0,0.0,158500.0,-0.019108861698046473,162500.0,-0.0440322701505034
2018-01-24,155500.0,155500.0,0.0,158500.0,-0.019108861698046473,161500.0,-0.03785941104342239
2018-01-25,155500.0,155500.0,0.0,155500.0,0.0,161500.0,-0.03785941104342239
2018-01-26,155500.0,155500.0,0.0,155500.0,0.0,161500.0,-0.03785941104342239
2018-01-29,155500.0,,,155500.0,0.0,158500.0,-0.019108861698046473
2018-01-30,155500.0,155500.0,0.0,155500.0,0.0,158500.0,-0.019108861698046473
2018-01-31,155500.0,155500.0,0.0,155500.0,0.0,158500.0,-0.019108861698046473
2018-02-01,153500.0,155500.0,-0.012945164592036963,155500.0,-0.012945164592036963,155500.0,-0.012945164592036963
2018-02-02,153500.0,153500.0,0.0,155500.0,-0.012945164592036963,155500.0,-0.012945164592036963
2018-02-05,153500.0,,,155500.0,-0.012945164592036963,155500.0,-0.012945164592036963
2018-02-06,153500.0,153500.0,0.0,155500.0,-0.012945164592036963,155500.0,-0.012945164592036963
2018-02-07,153500.0,153500.0,0.0,155500.0,-0.012945164592036963,155500.0,-0.012945164592036963
2018-02-08,153500.0,153500.0,0.0,153500.0,0.0,155500.0,-0.012945164592036963
2018-02-09,153500.0,153500.0,0.0,153500.0,0.0,155500.0,-0.012945164592036963
2018-02-12,153500.0,,,153500.0,0.0,155500.0,-0.012945164592036963
2018-02-13,153500.0,153500.0,0.0,153500.0,0.0,155500.0,-0.012945164592036963
2018-02-14,153500.0,153500.0,0.0,153500.0,0.0,155500.0,-0.012945164592036963
2018-02-22,153500.0,,,,,153500.0,0.0
2018-02-23,153500.0,153500.0,0.0,,,153500.0,0.0
2018-02-26,153500.0,,,,,153500.0,0.0
2018-02-27,153500.0,153500.0,0.0,,,153500.0,0.0
2018-02-28,153500.0,153500.0,0.0,,,153500.0,0.0
2018-03-01,153500.0,153500.0,0.0,153500.0,0.0,,
2018-03-02,153500.0,153500.0,0.0,153500.0,0.0,,
2018-03-05,153500.0,,,153500.0,0.0,,
2018-03-06,153500.0,153500.0,0.0,153500.0,0.0,,
2018-03-07,153500.0,153500.0,0.0,153500.0,0.0,,
2018-03-08,153500.0,153500.0,0.0,153500.0,0.0,153500.0,0.0
2018-03-09,153500.0,153500.0,0.0,153500.0,0.0,153500.0,0.0
2018-03-12,153500.0,,,153500.0,0.0,153500.0,0.0
2018-03-13,153500.0,153500.0,0.0,153500.0,0.0,153500.0,0.0
2018-03-14,153500.0,153500.0,0.0,153500.0,0.0,153500.0,0.0
2018-03-15,153500.0,153500.0,0.0,153500.0,0.0,153500.0,0.0
2018-03-16,153500.0,153500.0,0.0,153500.0,0.0,153500.0,0.0
2018-03-19,153500.0,,,153500.0,0.0,153500.0,0.0
2018-03-20,153500.0,153500.0,0.0,153500.0,0.0,153500.0,0.0
2018-03-21,153500.0,153500.0,0.0,153500.0,0.0,153500.0,0.0
2018-03-22,153500.0,153500.0,0.0,153500.0,0.0,153500.0,0.0
2018-03-23,153500.0,153500.0,0.0,153500.0,0.0,153500.0,0.0
2018-03-26,153500.0,,,153500.0,0.0,153500.0,0.0
2018-03-27,153500.0,153500.0,0.0,153500.0,0.0,153500.0,0.0
2018-03-28,153500.0,153500.0,0.0,153500.0,0.0,153500.0,0.0
2018-03-29,153500.0,153500.0,0.0,153500.0,0.0,153500.0,0.0
2018-03-30,153500.0,153500.0,0.0,153500.0,0.0,153500.0,0.0
2018-04-02,150000.0,,,153500.0,-0.023065272930996104,153500.0,-0.023065272930996104
2018-04-03,150000.0,150000.0,0.0,153500.0,-0.023065272930996104,153500.0,-0.023065272930996104
2018-04-04,150000.0,150000.0,0.0,153500.0,-0.023065272930996104,153500.0,-0.023065272930996104
2018-04-09,149000.0,,,150000.0,-0.006688988150796652,153500.0,-0.029754261081792716
2018-04-10,149000.0,149000.0,0.0,150000.0,-0.006688988150796652,153500.0,-0.029754261081792716
2018-04-11,149000.0,149000.0,0.0,150000.0,-0.006688988150796652,153500.0,-0.029754261081792716
2018-04-12,149000.0,149000.0,0.0,,,153500.0,-0.029754261081792716
2018-04-13,149000.0,149000.0,0.0,,,153500.0,-0.029754261081792716
2018-04-16,149000.0,,,149000.0,0.0,150000.0,-0.006688988150796652
2018-04-17,148000.0,149000.0,-0.006734032181344068,149000.0,-0.006734032181344068,150000.0,-0.013423020332140661
2018-04-18,148000.0,148000.0,0.0,149000.0,-0.006734032181344068,150000.0,-0.013423020332140661
2018-04-19,148000.0,148000.0,0.0,149000.0,-0.006734032181344068,,
2018-04-20,148000.0,148000.0,0.0,149000.0,-0.006734032181344068,,
2018-04-23,143500.0,,,149000.0,-0.03761127074578335,149000.0,-0.03761127074578335
2018-04-24,143500.0,143500.0,0.0,148000.0,-0.03087723856443923,149000.0,-0.03761127074578335
2018-04-25,143500.0,143500.0,0.0,148000.0,-0.03087723856443923,149000.0,-0.03761127074578335
2018-04-26,143500.0,143500.0,0.0,148000.0,-0.03087723856443923,149000.0,-0.03761127074578335
2018-04-27,142500.0,143500.0,-0.006993035490970637,148000.0,-0.03787027405540985,149000.0,-0.04460430623675392
2018-05-02,142500.0,,,143500.0,-0.006993035490970637,148000.0,-0.03787027405540985
2018-05-03,142500.0,142500.0,0.0,143500.0,-0.006993035490970637,148000.0,-0.03787027405540985
2018-05-04,140500.0,142500.0,-0.014134510934904806,142500.0,-0.014134510934904806,148000.0,-0.052004784990314586
2018-05-07,140500.0,,,,,143500.0,-0.021127546425875394
2018-05-08,140500.0,140500.0,0.0,,,143500.0,-0.021127546425875394
2018-05-09,138500.0,140500.0,-0.014337163146407218,142500.0,-0.028471674081312,143500.0,-0.035464709572282656
2018-05-10,138500.0,138500.0,0.0,142500.0,-0.028471674081312,143500.0,-0.035464709572282656
2018-05-11,138500.0,138500.0,0.0,140500.0,-0.014337163146407218,142500.0,-0.028471674081312
2018-05-14,138500.0,,,140500.0,-0.014337163146407218,,
2018-05-15,138500.0,138500.0,0.0,140500.0,-0.014337163146407218,,
2018-05-16,138500.0,138500.0,0.0,138500.0,0.0,142500.0,-0.028471674081312
2018-05-17,138500.0,138500.0,0.0,138500.0,0.0,142500.0,-0.028471674081312
2018-05-18,138500.0,138500.0,0.0,138500.0,0.0,140500.0,-0.014337163146407218
2018-05-21,138500.0,,,138500.0,0.0,140500.0,-0.014337163146407218
2018-05-22,138500.0,138500.0,0.0,138500.0,0.0,140500.0,-0.014337163146407218
2018-05-23,137500.0,138500.0,-0.007246408520767198,138500.0,-0.007246408520767198,138500.0,-0.007246408520767198
2018-05-24,137500.0,137500.0,0.0,138500.0,-0.007246408520767198,138500.0,-0.007246408520767198
2018-05-25,137500.0,137500.0,0.0,138500.0,-0.007246408520767198,138500.0,-0.007246408520767198
2018-05-28,135500.0,,,138500.0,-0.021898685307637573,138500.0,-0.021898685307637573
2018-05-29,134500.0,135500.0,-0.007407441277861805,138500.0,-0.02930612658549936,138500.0,-0.02930612658549936
2018-05-30,134500.0,134500.0,0.0,137500.0,-0.02205971806473222,138500.0,-0.02930612658549936
2018-05-31,133500.0,134500.0,-0.0074627212015896,137500.0,-0.029522439266321726,138500.0,-0.03676884778708893
2018-06-01,133500.0,133500.0,0.0,137500.0,-0.029522439266321726,138500.0,-0.03676884778708893
2018-06-04,133500.0,,,135500.0,-0.014870162479451393,138500.0,-0.03676884778708893
2018-06-05,130000.0,133500.0,-0.02656702738472175,134500.0,-0.03402974858631137,138500.0,-0.06333587517181076
2018-06-06,130000.0,130000.0,0.0,134500.0,-0.03402974858631137,137500.0,-0.056089466651043585
2018-06-07,130000.0,130000.0,0.0,133500.0,-0.02656702738472175,137500.0,-0.056089466651043585
2018-06-08,129000.0,130000.0,-0.007722046093910278,133500.0,-0.034289073478632075,137500.0,-0.06381151274495382
2018-06-11,127500.0,,,133500.0,-0.04598511324182338,135500.0,-0.06085527572127473
2018-06-12,127500.0,127500.0,0.0,130000.0,-0.019418085857101627,134500.0,-0.0534478344434129
2018-06-13,124500.0,127500.0,-0.02381064869371856,130000.0,-0.043228734550820075,134500.0,-0.0772584831371315
2018-06-14,124500.0,124500.0,0.0,130000.0,-0.043228734550820075,133500.0,-0.06979576193554198
2018-06-15,124500.0,124500.0,0.0,129000.0,-0.03550668845690976,133500.0,-0.06979576193554198
2018-06-19,124500.0,,,127500.0,-0.02381064869371856,130000.0,-0.043228734550820075
2018-06-20,124500.0,124500.0,0.0,124500.0,0.0,130000.0,-0.043228734550820075
2018-06-21,124500.0,124500.0,0.0,124500.0,0.0,130000.0,-0.043228734550820075
2018-06-22,124500.0,124500.0,0.0,124500.0,0.0,129000.0,-0.03550668845690976
2018-06-25,122500.0,,,,,127500.0,-0.04000533461369913
2018-06-26,122500.0,122500.0,0.0,124500.0,-0.016194685919980606,127500.0,-0.04000533461369913
2018-06-27,122500.0,122500.0,0.0,124500.0,-0.016194685919980606,124500.0,-0.016194685919980606
2018-06-28,122500.0,122500.0,0.0,124500.0,-0.016194685919980606,124500.0,-0.016194685919980606
2018-06-29,119500.0,122500.0,-0.024794658613216277,124500.0,-0.040989344533197004,124500.0,-0.040989344533197004
2018-07-02,119500.0,,,122500.0,-0.024794658613216277,,
2018-07-03,119500.0,119500.0,0.0,122500.0,-0.024794658613216277,124500.0,-0.040989344533197004
2018-07-04,119500.0,119500.0,0.0,122500.0,-0.024794658613216277,124500.0,-0.040989344533197004
2018-07-05,117500.0,119500.0,-0.01687803778735175,122500.0,-0.041672696400568074,124500.0,-0.05786738232054869
2018-07-06,115500.0,117500.0,-0.017167803622365446,119500.0,-0.0340458414097171,124500.0,-0.07503518594291408
2018-07-09,115500.0,,,119500.0,-0.0340458414097171,122500.0,-0.058840500022933465
2018-07-10,115500.0,115500.0,0.0,119500.0,-0.0340458414097171,122500.0,-0.058840500022933465
2018-07-11,115500.0,115500.0,0.0,119500.0,-0.0340458414097171,122500.0,-0.058840500022933465
2018-07-12,114500.0,115500.0,-0.008695706967553932,117500.0,-0.025863510589919352,122500.0,-0.06753620699048735
2018-07-13,114500.0,114500.0,0.0,115500.0,-0.008695706967553932,119500.0,-0.04274154837727102
2018-07-16,114500.0,,,115500.0,-0.008695706967553932,119500.0,-0.04274154837727102
2018-07-17,114500.0,114500.0,0.0,115500.0,-0.008695706967553932,119500.0,-0.04274154837727102
2018-07-18,112500.0,114500.0,-0.01762160134981956,115500.0,-0.026317308317373417,119500.0,-0.06036314972709058
2018-07-19,109500.0,112500.0,-0.02702867238791926,114500.0,-0.04465027373773882,117500.0,-0.07051378432765813
2018-07-20,107500.0,109500.0,-0.01843370168883802,114500.0,-0.06308397542657689,115500.0,-0.07177968239413073
2018-07-23,105500.0,,,114500.0,-0.08186387007817311,115500.0,-0.090559577045727
2018-07-24,103500.0,105500.0,-0.019139340210697395,114500.0,-0.10100321028887058,115500.0,-0.1096989172564245
2018-07-25,103500.0,103500.0,0.0,112500.0,-0.08338160893905101,115500.0,-0.1096989172564245
2018-07-26,103500.0,103500.0,0.0,109500.0,-0.056352936551131744,114500.0,-0.10100321028887058
2018-07-27,103500.0,103500.0,0.0,107500.0,-0.037919234862293726,114500.0,-0.10100321028887058
2018-07-30,103500.0,,,105500.0,-0.019139340210697395,114500.0,-0.10100321028887058
2018-07-31,103500.0,103500.0,0.0,103500.0,0.0,114500.0,-0.10100321028887058
2018-08-01,103500.0,103500.0,0.0,103500.0,0.0,112500.0,-0.08338160893905101
2018-08-02,103500.0,103500.0,0.0,103500.0,0.0,109500.0,-0.056352936551131744
2018-08-03,100500.0,103500.0,-0.02941388520629334,103500.0,-0.02941388520629334,107500.0,-0.06733312006858708
2018-08-06,98500.0,,,103500.0,-0.04951506452738056,105500.0,-0.068654404738078
2018-08-07,98500.0,98500.0,0.0,103500.0,-0.04951506452738056,103500.0,-0.04951506452738056
2018-08-08,98500.0,98500.0,0.0,103500.0,-0.04951506452738056,103500.0,-0.04951506452738056
2018-08-09,97500.0,98500.0,-0.010204170174241736,103500.0,-0.05971923470162231,103500.0,-0.05971923470162231
2018-08-10,97500.0,97500.0,0.0,100500.0,-0.030305349495328922,103500.0,-0.05971923470162231
2018-08-13,97500.0,,,98500.0,-0.010204170174241736,103500.0,-0.05971923470162231
2018-08-14,96500.0,97500.0,-0.010309369658861213,98500.0,-0.020513539833102903,103500.0,-0.07002860436048348
2018-08-15,95500.0,96500.0,-0.010416760858255715,98500.0,-0.030930300691358614,103500.0,-0.08044536521873921
2018-08-16,94000.0,95500.0,-0.015831465216680628,97500.0,-0.03655759573379758,103500.0,-0.09627683043541983
2018-08-17,93000.0,94000.0,-0.010695289116747919,97500.0,-0.0472528848505455,100500.0,-0.0775582343458745
2018-08-20,92500.0,,,97500.0,-0.05264373348542203,98500.0,-0.06284790365966364
2018-08-21,91500.0,92500.0,-0.010869672236903879,96500.0,-0.05320403606346457,98500.0,-0.07371757589656756
2018-08-22,91500.0,91500.0,0.0,95500.0,-0.04278727520520898,98500.0,-0.07371757589656756
2018-08-23,91500.0,91500.0,0.0,94000.0,-0.02695580998852822,97500.0,-0.06351340572232586
2018-08-24,89500.0,91500.0,-0.02210034700066597,93000.0,-0.03836086787244621,97500.0,-0.08561375272299185
2018-08-27,89000.0,,,92500.0,-0.03857227478623962,97500.0,-0.09121600827166168
2018-08-28,88500.0,89000.0,-0.00563381771825602,91500.0,-0.033336420267591836,96500.0,-0.08654045633105636
2018-08-29,88500.0,88500.0,0.0,91500.0,-0.033336420267591836,95500.0,-0.07612369547280069
2018-08-30,88500.0,88500.0,0.0,91500.0,-0.033336420267591836,94000.0,-0.06029223025612001
2018-08-31,88000.0,88500.0,-0.005665737535677308,89500.0,-0.016901810802603254,93000.0,-0.055262678675049415
2018-09-03,87500.0,,,89000.0,-0.016997576368571136,92500.0,-0.055569851154810765
2018-09-04,87000.0,87500.0,-0.005730674708984983,88500.0,-0.017094433359300068,91500.0,-0.05043085362689197
2018-09-05,86500.0,87000.0,-0.0057637047167501294,88500.0,-0.022858138076050208,91500.0,-0.05619455834364194
2018-09-06,85500.0,86500.0,-0.011628037995119099,88500.0,-0.03448617607116932,91500.0,-0.06782259633876106
2018-09-07,84500.0,85500.0,-0.01176484157958637,88000.0,-0.04058528011507833,89500.0,-0.05748709091768158
2018-09-10,84000.0,,,87500.0,-0.040821994520255166,89000.0,-0.05781957088882625
2018-09-11,84000.0,84000.0,0.0,87000.0,-0.03509131981127006,88500.0,-0.05218575317057019
2018-09-12,84000.0,84000.0,0.0,86500.0,-0.029327615094520063,88500.0,-0.05218575317057019
2018-09-13,83000.0,84000.0,-0.01197619104671565,85500.0,-0.029675768146116666,88500.0,-0.0641619442172859
2018-09-14,83000.0,83000.0,0.0,84500.0,-0.01791092656653022,88000.0,-0.058496206681608494
2018-09-17,82500.0,,,84000.0,-0.018018505502678365,87500.0,-0.058840500022933465
2018-09-18,82500.0,82500.0,0.0,84000.0,-0.018018505502678365,87000.0,-0.05310982531394841
2018-09-19,82000.0,82500.0,-0.006079046076382226,84000.0,-0.02409755157906053,86500.0,-0.053425166673580556
2018-09-20,81500.0,82000.0,-0.006116227017436094,83000.0,-0.0182375875497809,85500.0,-0.047913355695897504
2018-09-21,81500.0,81500.0,0.0,83000.0,-0.0182375875497809,84500.0,-0.03614851411631109
2018-09-25,81000.0,,,82500.0,-0.01834913866819654,84000.0,-0.03636764417087483
2018-09-26,81000.0,81000.0,0.0,82000.0,-0.01227009259181436,84000.0,-0.03636764417087483
2018-09-27,80500.0,81000.0,-0.006191970247921107,81500.0,-0.012345835822299379,83000.0,-0.030583423372080278
2018-09-28,80000.0,80500.0,-0.006230549750636086,81500.0,-0.01857638557293542,83000.0,-0.036813973122716316
2018-10-08,79000.0,,,,,,
2018-10-09,79000.0,79000.0,0.0,,,81000.0,-0.02500130220541727
2018-10-10,79000.0,79000.0,0.0,,,81000.0,-0.02500130220541727
2018-10-11,78000.0,79000.0,-0.012739025777429714,,,80500.0,-0.0315483577349259
2018-10-12,78000.0,78000.0,0.0,,,80000.0,-0.025317807984289897
2018-10-15,78000.0,,,79000.0,-0.012739025777429714,,
2018-10-16,78000.0,78000.0,0.0,79000.0,-0.012739025777429714,,
2018-10-17,78000.0,78000.0,0.0,79000.0,-0.012739025777429714,,
2018-10-18,78000.0,78000.0,0.0,78000.0,0.0,,
2018-10-19,78000.0,78000.0,0.0,78000.0,0.0,,
2018-10-22,78000.0,,,78000.0,0.0,79000.0,-0.012739025777429714
2018-10-23,78000.0,78000.0,0.0,78000.0,0.0,79000.0,-0.012739025777429714
2018-10-24,78500.0,78000.0,0.006389798098770988,78000.0,0.006389798098770988,79000.0,-0.00634922767865878
2018-10-25,78500.0,78500.0,0.0,78000.0,0.006389798098770988,78000.0,0.006389798098770988
2018-10-26,78500.0,78500.0,0.0,78000.0,0.006389798098770988,78000.0,0.006389798098770988
2018-10-29,78500.0,,,78000.0,0.006389798098770988,78000.0,0.006389798098770988
2018-10-30,78500.0,78500.0,0.0,78000.0,0.006389798098770988,78000.0,0.006389798098770988
2018-10-31,78500.0,78500.0,0.0,78500.0,0.0,78000.0,0.006389798098770988
2018-11-01,78500.0,78500.0,0.0,78500.0,0.0,78000.0,0.006389798098770988
2018-11-02,78500.0,78500.0,0.0,78500.0,0.0,78000.0,0.006389798098770988
2018-11-05,78500.0,,,78500.0,0.0,78000.0,0.006389798098770988
2018-11-06,78500.0,78500.0,0.0,78500.0,0.0,78000.0,0.006389798098770988
2018-11-07,78500.0,78500.0,0.0,78500.0,0.0,78500.0,0.0
2018-11-08,78500.0,78500.0,0.0,78500.0,0.0,78500.0,0.0
2018-11-09,78500.0,78500.0,0.0,78500.0,0.0,78500.0,0.0
2018-11-12,78500.0,,,78500.0,0.0,78500.0,0.0
2018-11-13,78500.0,78500.0,0.0,78500.0,0.0,78500.0,0.0
2018-11-14,79000.0,78500.0,0.0063492276786587445,78500.0,0.0063492276786587445,78500.0,0.0063492276786587445
2018-11-15,79000.0,79000.0,0.0,78500.0,0.0063492276786587445,78500.0,0.0063492276786587445
2018-11-16,79000.0,79000.0,0.0,78500.0,0.0063492276786587445,78500.0,0.0063492276786587445
2018-11-19,79000.0,,,78500.0,0.0063492276786587445,78500.0,0.0063492276786587445
2018-11-20,79500.0,79000.0,0.006309169193264756,78500.0,0.012658396871923465,78500.0,0.012658396871923465
2018-11-21,79500.0,79500.0,0.0,79000.0,0.006309169193264756,78500.0,0.012658396871923465
2018-11-22,79500.0,79500.0,0.0,79000.0,0.006309169193264756,78500.0,0.012658396871923465
2018-11-23,79500.0,79500.0,0.0,79000.0,0.006309169193264756,78500.0,0.012658396871923465
2018-11-26,79500.0,,,79000.0,0.006309169193264756,78500.0,0.012658396871923465
2018-11-27,79500.0,79500.0,0.0,79500.0,0.0,78500.0,0.012658396871923465
2018-11-28,79500.0,79500.0,0.0,79500.0,0.0,79000.0,0.006309169193264756
2018-11-29,79500.0,79500.0,0.0,79500.0,0.0,79000.0,0.006309169193264756
2018-11-30,79500.0,79500.0,0.0,79500.0,0.0,79000.0,0.006309169193264756
2018-12-03,79500.0,,,79500.0,0.0,79000.0,0.006309169193264756
2018-12-04,79500.0,79500.0,0.0,79500.0,0.0,79500.0,0.0
2018-12-05,79500.0,79500.0,0.0,79500.0,0.0,79500.0,0.0
2018-12-06,79500.0,79500.0,0.0,79500.0,0.0,79500.0,0.0
2018-12-07,79500.0,79500.0,0.0,79500.0,0.0,79500.0,0.0
2018-12-10,79500.0,,,79500.0,0.0,79500.0,0.0
2018-12-11,79500.0,79500.0,0.0,79500.0,0.0,79500.0,0.0
2018-12-12,79500.0,79500.0,0.0,79500.0,0.0,79500.0,0.0
2018-12-13,79500.0,79500.0,0.0,79500.0,0.0,79500.0,0.0
2018-12-14,79500.0,79500.0,0.0,79500.0,0.0,79500.0,0.0
2018-12-17,79500.0,,,79500.0,0.0,79500.0,0.0
2018-12-18,79500.0,79500.0,0.0,79500.0,0.0,79500.0,0.0
2018-12-19,79500.0,79500.0,0.0,79500.0,0.0,79500.0,0.0
2018-12-20,79500.0,79500.0,0.0,79500.0,0.0,79500.0,0.0
2018-12-21,79500.0,79500.0,0.0,79500.0,0.0,79500.0,0.0
2018-12-24,79500.0,,,79500.0,0.0,79500.0,0.0
2018-12-25,79500.0,79500.0,0.0,79500.0,0.0,79500.0,0.0
2018-12-26,79500.0,79500.0,0.0,79500.0,0.0,79500.0,0.0
2018-12-27,79500.0,79500.0,0.0,79500.0,0.0,79500.0,0.0
2018-12-28,79500.0,79500.0,0.0,79500.0,0.0,79500.0,0.0
2019-01-02,79500.0,,,79500.0,0.0,79500.0,0.0
2019-01-03,79500.0,79500.0,0.0,79500.0,0.0,79500.0,0.0
2019-01-04,79500.0,79500.0,0.0,79500.0,0.0,79500.0,0.0
2019-01-07,79500.0,,,,,79500.0,0.0
2019-01-08,79500.0,79500.0,0.0,,,79500.0,0.0
2019-01-09,79500.0,79500.0,0.0,79500.0,0.0,79500.0,0.0
2019-01-10,79500.0,79500.0,0.0,79500.0,0.0,79500.0,0.0
2019-01-11,79500.0,79500.0,0.0,79500.0,0.0,79500.0,0.0
2019-01-14,79500.0,,,79500.0,0.0,,
2019-01-15,79500.0,79500.0,0.0,79500.0,0.0,,
2019-01-16,79500.0,79500.0,0.0,79500.0,0.0,79500.0,0.0
2019-01-17,79500.0,79500.0,0.0,79500.0,0.0,79500.0,0.0
2019-01-18,79500.0,79500.0,0.0,79500.0,0.0,79500.0,0.0
2019-01-21,79500.0,,,79500.0,0.0,79500.0,0.0
2019-01-22,79500.0,79500.0,0.0,79500.0,0.0,79500.0,0.0
2019-01-23,79500.0,79500.0,0.0,79500.0,0.0,79500.0,0.0
2019-01-24,79000.0,79500.0,-0.006309169193264721,79500.0,-0.006309169193264721,79500.0,-0.006309169193264721
2019-01-25,78500.0,79000.0,-0.00634922767865878,79500.0,-0.012658396871923465,79500.0,-0.012658396871923465
2019-01-28,78500.0,,,79500.0,-0.012658396871923465,79500.0,-0.012658396871923465
2019-01-29,78500.0,78500.0,0.0,79500.0,-0.012658396871923465,79500.0,-0.012658396871923465
2019-01-30,78500.0,78500.0,0.0,79500.0,-0.012658396871923465,79500.0,-0.012658396871923465
2019-01-31,78500.0,78500.0,0.0,79000.0,-0.00634922767865878,79500.0,-0.012658396871923465
2019-02-01,78500.0,78500.0,0.0,78500.0,0.0,79500.0,-0.012658396871923465
2019-02-11,78500.0,,,,,78500.0,0.0
2019-02-12,78500.0,78500.0,0.0,,,78500.0,0.0
2019-02-13,78500.0,78500.0,0.0,,,78500.0,0.0
2019-02-14,78500.0,78500.0,0.0,,,78500.0,0.0
2019-02-15,78500.0,78500.0,0.0,,,78500.0,0.0
2019-02-18,78500.0,,,78500.0,0.0,,
2019-02-19,78500.0,78500.0,0.0,78500.0,0.0,,
2019-02-20,78500.0,78500.0,0.0,78500.0,0.0,,
2019-02-21,78500.0,78500.0,0.0,78500.0,0.0,,
2019-02-22,78500.0,78500.0,0.0,78500.0,0.0,,
2019-02-25,78500.0,,,78500.0,0.0,78500.0,0.0
2019-02-26,78500.0,78500.0,0.0,78500.0,0.0,78500.0,0.0
2019-02-27,78500.0,78500.0,0.0,78500.0,0.0,78500.0,0.0
2019-02-28,78500.0,78500.0,0.0,78500.0,0.0,78500.0,0.0
2019-03-01,78500.0,78500.0,0.0,78500.0,0.0,78500.0,0.0
2019-03-04,78500.0,,,78500.0,0.0,78500.0,0.0
2019-03-05,78500.0,78500.0,0.0,78500.0,0.0,78500.0,0.0
2019-03-06,78500.0,78500.0,0.0,78500.0,0.0,78500.0,0.0
2019-03-07,78500.0,78500.0,0.0,78500.0,0.0,78500.0,0.0
2019-03-08,78500.0,78500.0,0.0,78500.0,0.0,78500.0,0.0
2019-03-11,77500.0,,,78500.0,-0.012820688429061434,78500.0,-0.012820688429061434
2019-03-12,77500.0,77500.0,0.0,78500.0,-0.012820688429061434,78500.0,-0.012820688429061434
2019-03-13,77500.0,77500.0,0.0,78500.0,-0.012820688429061434,78500.0,-0.012820688429061434
2019-03-14,77500.0,77500.0,0.0,78500.0,-0.012820688429061434,78500.0,-0.012820688429061434
2019-03-15,77500.0,77500.0,0.0,78500.0,-0.012820688429061434,78500.0,-0.012820688429061434
2019-03-18,77500.0,,,77500.0,0.0,78500.0,-0.012820688429061434
2019-03-19,77500.0,77500.0,0.0,77500.0,0.0,78500.0,-0.012820688429061434
2019-03-20,77500.0,77500.0,0.0,77500.0,0.0,78500.0,-0.012820688429061434
2019-03-21,77500.0,77500.0,0.0,77500.0,0.0,78500.0,-0.012820688429061434
2019-03-22,77500.0,77500.0,0.0,77500.0,0.0,78500.0,-0.012820688429061434
2019-03-25,77500.0,,,77500.0,0.0,77500.0,0.0
2019-03-26,77500.0,77500.0,0.0,77500.0,0.0,77500.0,0.0
2019-03-27,77500.0,77500.0,0.0,77500.0,0.0,77500.0,0.0
2019-03-28,77500.0,77500.0,0.0,77500.0,0.0,77500.0,0.0
2019-03-29,77500.0,77500.0,0.0,77500.0,0.0,77500.0,0.0
2019-04-01,77500.0,,,77500.0,0.0,77500.0,0.0
2019-04-02,77500.0,77500.0,0.0,77500.0,0.0,77500.0,0.0
2019-04-03,77500.0,77500.0,0.0,77500.0,0.0,77500.0,0.0
2019-04-04,77000.0,77500.0,-0.006472514505617479,77500.0,-0.006472514505617479,77500.0,-0.006472514505617479
2019-04-08,76500.0,,,77500.0,-0.01298719552681119,77500.0,-0.01298719552681119
2019-04-09,76500.0,76500.0,0.0,77500.0,-0.01298719552681119,77500.0,-0.01298719552681119
2019-04-10,76500.0,76500.0,0.0,77500.0,-0.01298719552681119,77500.0,-0.01298719552681119
2019-04-11,76500.0,76500.0,0.0,77000.0,-0.006514681021193642,77500.0,-0.01298719552681119
2019-04-12,76500.0,76500.0,0.0,,,77500.0,-0.01298719552681119
2019-04-15,76500.0,,,76500.0,0.0,77500.0,-0.01298719552681119
2019-04-16,76500.0,76500.0,0.0,76500.0,0.0,77500.0,-0.01298719552681119
2019-04-17,76500.0,76500.0,0.0,76500.0,0.0,77500.0,-0.01298719552681119
2019-04-18,76500.0,76500.0,0.0,76500.0,0.0,77000.0,-0.006514681021193642
2019-04-19,76500.0,76500.0,0.0,76500.0,0.0,,
2019-04-22,76500.0,,,76500.0,0.0,76500.0,0.0
2019-04-23,76500.0,76500.0,0.0,76500.0,0.0,76500.0,0.0
2019-04-24,76500.0,76500.0,0.0,76500.0,0.0,76500.0,0.0
2019-04-25,76500.0,76500.0,0.0,76500.0,0.0,76500.0,0.0
2019-04-26,76500.0,76500.0,0.0,76500.0,0.0,76500.0,0.0
2019-04-29,76500.0,,,76500.0,0.0,76500.0,0.0
2019-04-30,76500.0,76500.0,0.0,76500.0,0.0,76500.0,0.0
2019-05-06,76500.0,,,76500.0,0.0,76500.0,0.0
2019-05-07,76500.0,76500.0,0.0,76500.0,0.0,76500.0,0.0
2019-05-08,76500.0,76500.0,0.0,,,76500.0,0.0
2019-05-09,76500.0,76500.0,0.0,,,76500.0,0.0
2019-05-10,77000.0,76500.0,0.006514681021193672,,,76500.0,0.006514681021193672
2019-05-13,77500.0,,,76500.0,0.012987195526811112,76500.0,0.012987195526811112
2019-05-14,77500.0,77500.0,0.0,76500.0,0.012987195526811112,76500.0,0.012987195526811112
2019-05-15,77500.0,77500.0,0.0,76500.0,0.012987195526811112,,
2019-05-16,77500.0,77500.0,0.0,76500.0,0.012987195526811112,,
2019-05-17,77500.0,77500.0,0.0,77000.0,0.00647251450561752,,
2019-05-20,77500.0,,,77500.0,0.0,76500.0,0.012987195526811112
2019-05-21,77500.0,77500.0,0.0,77500.0,0.0,76500.0,0.012987195526811112
2019-05-22,77500.0,77500.0,0.0,77500.0,0.0,76500.0,0.012987195526811112
2019-05-23,77500.0,77500.0,0.0,77500.0,0.0,76500.0,0.012987195526811112
2019-05-24,77500.0,77500.0,0.0,77500.0,0.0,77000.0,0.00647251450561752
2019-05-27,77500.0,,,77500.0,0.0,77500.0,0.0
2019-05-28,77500.0,77500.0,0.0,77500.0,0.0,77500.0,0.0
2019-05-29,77500.0,77500.0,0.0,77500.0,0.0,77500.0,0.0
2019-05-30,77500.0,77500.0,0.0,77500.0,0.0,77500.0,0.0
2019-05-31,77000.0,77500.0,-0.006472514505617479,77500.0,-0.006472514505617479,77500.0,-0.006472514505617479
2019-06-03,77000.0,,,77500.0,-0.006472514505617479,77500.0,-0.006472514505617479
2019-06-04,77000.0,77000.0,0.0,77500.0,-0.006472514505617479,77500.0,-0.006472514505617479
2019-06-05,76500.0,77000.0,-0.006514681021193642,77500.0,-0.01298719552681119,77500.0,-0.01298719552681119
2019-06-06,76500.0,76500.0,0.0,77500.0,-0.01298719552681119,77500.0,-0.01298719552681119
2019-06-10,76500.0,,,77000.0,-0.006514681021193642,77500.0,-0.01298719552681119
2019-06-11,76500.0,76500.0,0.0,77000.0,-0.006514681021193642,77500.0,-0.01298719552681119
2019-06-12,76500.0,76500.0,0.0,76500.0,0.0,77500.0,-0.01298719552681119
2019-06-13,76500.0,76500.0,0.0,76500.0,0.0,77500.0,-0.01298719552681119
2019-06-14,76500.0,76500.0,0.0,,,77000.0,-0.006514681021193642
2019-06-17,76500.0,,,76500.0,0.0,77000.0,-0.006514681021193642
2019-06-18,75000.0,76500.0,-0.019802627296179754,76500.0,-0.019802627296179754,77000.0,-0.026317308317373417
2019-06-19,74500.0,75000.0,-0.006688988150796652,76500.0,-0.02649161544697634,76500.0,-0.02649161544697634
2019-06-20,74500.0,74500.0,0.0,76500.0,-0.02649161544697634,76500.0,-0.02649161544697634
2019-06-21,74500.0,74500.0,0.0,76500.0,-0.02649161544697634,,
2019-06-24,74500.0,,,76500.0,-0.02649161544697634,76500.0,-0.02649161544697634
2019-06-25,74000.0,74500.0,-0.006734032181344068,75000.0,-0.013423020332140661,76500.0,-0.03322564762832039
2019-06-26,73500.0,74000.0,-0.006779686985378804,74500.0,-0.01351371916672282,76500.0,-0.04000533461369913
2019-06-27,73500.0,73500.0,0.0,74500.0,-0.01351371916672282,76500.0,-0.04000533461369913
2019-06-28,73500.0,73500.0,0.0,74500.0,-0.01351371916672282,76500.0,-0.04000533461369913
2019-07-01,73500.0,,,74500.0,-0.01351371916672282,76500.0,-0.04000533461369913
2019-07-02,73500.0,73500.0,0.0,74000.0,-0.006779686985378804,75000.0,-0.020202707317519466
2019-07-03,73000.0,73500.0,-0.006825965070399871,73500.0,-0.006825965070399871,74500.0,-0.020339684237122672
2019-07-04,73000.0,73000.0,0.0,73500.0,-0.006825965070399871,74500.0,-0.020339684237122672
2019-07-05,72500.0,73000.0,-0.006872879287762064,73500.0,-0.013698844358161915,74500.0,-0.0272125635248847
2019-07-08,72500.0,,,73500.0,-0.013698844358161915,74500.0,-0.0272125635248847
2019-07-09,72500.0,72500.0,0.0,73500.0,-0.013698844358161915,74000.0,-0.020478531343540676
2019-07-10,72500.0,72500.0,0.0,73000.0,-0.006872879287762064,73500.0,-0.013698844358161915
2019-07-11,72500.0,72500.0,0.0,73000.0,-0.006872879287762064,73500.0,-0.013698844358161915
2019-07-12,71500.0,72500.0,-0.01388911216066715,72500.0,-0.01388911216066715,73500.0,-0.027587956518829053
2019-07-15,71500.0,,,72500.0,-0.01388911216066715,73500.0,-0.027587956518829053
2019-07-16,71500.0,71500.0,0.0,72500.0,-0.01388911216066715,73500.0,-0.027587956518829053
2019-07-17,71500.0,71500.0,0.0,72500.0,-0.01388911216066715,73000.0,-0.020761991448429128
2019-07-18,71500.0,71500.0,0.0,72500.0,-0.01388911216066715,73000.0,-0.020761991448429128
2019-07-19,71000.0,71500.0,-0.007017572658646535,71500.0,-0.007017572658646535,72500.0,-0.020906684819313712
2019-07-22,70500.0,,,71500.0,-0.014084739881738972,72500.0,-0.02797385204240618
2019-07-23,70500.0,70500.0,0.0,71500.0,-0.014084739881738972,72500.0,-0.02797385204240618
2019-07-24,70000.0,70500.0,-0.0071174677688639896,71500.0,-0.021202207650602937,72500.0,-0.03509131981127006
2019-07-25,69000.0,70000.0,-0.014388737452099556,71500.0,-0.03559094510270263,72500.0,-0.049480057263369695
2019-07-26,68500.0,69000.0,-0.007272759329079809,71000.0,-0.03584613177313577,71500.0,-0.04286370443178239
2019-07-29,68500.0,,,70500.0,-0.028778964550043404,71500.0,-0.04286370443178239
2019-07-30,68500.0,68500.0,0.0,70500.0,-0.028778964550043404,71500.0,-0.04286370443178239
2019-07-31,67500.0,68500.0,-0.014706147389695449,70000.0,-0.03636764417087483,71500.0,-0.05756985182147782
2019-08-01,66500.0,67500.0,-0.014925650216675706,69000.0,-0.03690455693545098,71500.0,-0.07249550203815347
2019-08-02,66000.0,66500.0,-0.007547205635382966,68500.0,-0.037179003241754015,71000.0,-0.0730251350148899
2019-08-05,66000.0,,,68500.0,-0.037179003241754015,70500.0,-0.0659579677917974
2019-08-06,66000.0,66000.0,0.0,68500.0,-0.037179003241754015,70500.0,-0.0659579677917974
2019-08-07,65500.0,66000.0,-0.007604599385219304,67500.0,-0.03007745523727795,70000.0,-0.06644509940815274
2019-08-08,65500.0,65500.0,0.0,66500.0,-0.01515180502060222,69000.0,-0.05205636195605315
2019-08-09,65500.0,65500.0,0.0,66000.0,-0.007604599385219304,68500.0,-0.04478360262697331
2019-08-12,65500.0,,,66000.0,-0.007604599385219304,68500.0,-0.04478360262697331
2019-08-13,65500.0,65500.0,0.0,66000.0,-0.007604599385219304,68500.0,-0.04478360262697331
2019-08-14,65000.0,65500.0,-0.007662872745569137,65500.0,-0.007662872745569137,67500.0,-0.037740327982847086
2019-08-15,65000.0,65000.0,0.0,65500.0,-0.007662872745569137,66500.0,-0.0228146777661714
2019-08-16,63500.0,65000.0,-0.023347363996991177,65500.0,-0.031010236742560322,66000.0,-0.038614836127779543
2019-08-19,63500.0,,,65500.0,-0.031010236742560322,66000.0,-0.038614836127779543
2019-08-20,63500.0,63500.0,0.0,65500.0,-0.031010236742560322,66000.0,-0.038614836127779543
2019-08-21,63500.0,63500.0,0.0,65000.0,-0.023347363996991177,65500.0,-0.031010236742560322
2019-08-22,63000.0,63500.0,-0.007905179507113261,65000.0,-0.031252543504104426,65500.0,-0.0389154162496735
2019-08-23,63000.0,63000.0,0.0,63500.0,-0.007905179507113261,65500.0,-0.0389154162496735
2019-08-26,63000.0,,,63500.0,-0.007905179507113261,65500.0,-0.0389154162496735
2019-08-27,63000.0,63000.0,0.0,63500.0,-0.007905179507113261,65500.0,-0.0389154162496735
2019-08-28,62500.0,63000.0,-0.007968169649176845,63500.0,-0.01587334915629012,65000.0,-0.03922071315328127
2019-08-29,62500.0,62500.0,0.0,63000.0,-0.007968169649176845,65000.0,-0.03922071315328127
2019-08-30,62500.0,62500.0,0.0,63000.0,-0.007968169649176845,63500.0,-0.01587334915629012
2019-09-02,62000.0,,,63000.0,-0.01600034134644119,63500.0,-0.023905520853554366
2019-09-03,61750.0,62000.0,-0.004040409537004974,63000.0,-0.020040750883446153,63500.0,-0.027945930390559336
2019-09-04,61750.0,61750.0,0.0,62500.0,-0.012072581234269249,63500.0,-0.027945930390559336
2019-09-05,61750.0,61750.0,0.0,62500.0,-0.012072581234269249,63000.0,-0.020040750883446153
2019-09-06,61750.0,61750.0,0.0,62500.0,-0.012072581234269249,63000.0,-0.020040750883446153
2019-09-09,61750.0,,,62000.0,-0.004040409537004974,63000.0,-0.020040750883446153
2019-09-10,61750.0,61750.0,0.0,61750.0,0.0,63000.0,-0.020040750883446153
2019-09-11,61750.0,61750.0,0.0,61750.0,0.0,62500.0,-0.012072581234269249
2019-09-12,61750.0,61750.0,0.0,61750.0,0.0,62500.0,-0.012072581234269249
2019-09-16,61750.0,,,61750.0,0.0,62000.0,-0.004040409537004974
2019-09-17,61750.0,61750.0,0.0,61750.0,0.0,61750.0,0.0
2019-09-18,61750.0,61750.0,0.0,61750.0,0.0,61750.0,0.0
2019-09-19,0.0,61750.0,-inf,61750.0,-inf,61750.0,-inf
2019-09-20,61750.0,0.0,inf,,,61750.0,0.0
2019-09-23,60500.0,,,61750.0,-0.020450610471290768,61750.0,-0.020450610471290768
2019-09-24,60500.0,60500.0,0.0,61750.0,-0.020450610471290768,61750.0,-0.020450610471290768
2019-09-25,60500.0,60500.0,0.0,61750.0,-0.020450610471290768,61750.0,-0.020450610471290768
2019-09-26,60500.0,60500.0,0.0,0.0,inf,61750.0,-0.020450610471290768
2019-09-27,60500.0,60500.0,0.0,61750.0,-0.020450610471290768,,
2019-09-30,60500.0,,,60500.0,0.0,61750.0,-0.020450610471290768
2019-10-08,60500.0,,,,,60500.0,0.0
2019-10-09,60500.0,60500.0,0.0,,,60500.0,0.0
2019-10-10,60500.0,60500.0,0.0,,,60500.0,0.0
2019-10-11,60500.0,60500.0,0.0,,,60500.0,0.0
2019-10-14,60500.0,,,,,60500.0,0.0
2019-10-15,60500.0,60500.0,0.0,60500.0,0.0,,
2019-10-16,59500.0,60500.0,-0.016667052485211647,60500.0,-0.016667052485211647,,
2019-10-17,59500.0,59500.0,0.0,60500.0,-0.016667052485211647,,
2019-10-18,59500.0,59500.0,0.0,60500.0,-0.016667052485211647,,
2019-10-21,59500.0,,,60500.0,-0.016667052485211647,,
2019-10-22,59500.0,59500.0,0.0,60500.0,-0.016667052485211647,60500.0,-0.016667052485211647
2019-10-23,59500.0,59500.0,0.0,59500.0,0.0,60500.0,-0.016667052485211647
2019-10-24,59500.0,59500.0,0.0,59500.0,0.0,60500.0,-0.016667052485211647
2019-10-25,59500.0,59500.0,0.0,59500.0,0.0,60500.0,-0.016667052485211647
2019-10-28,58500.0,,,59500.0,-0.01694955831377332,60500.0,-0.033616610798984974
2019-10-29,58500.0,58500.0,0.0,59500.0,-0.01694955831377332,60500.0,-0.033616610798984974
2019-10-30,58000.0,58500.0,-0.008583743691391442,59500.0,-0.025533302005164762,59500.0,-0.025533302005164762
2019-10-31,58000.0,58000.0,0.0,59500.0,-0.025533302005164762,59500.0,-0.025533302005164762
2019-11-01,58000.0,58000.0,0.0,59500.0,-0.025533302005164762,59500.0,-0.025533302005164762
2019-11-04,58000.0,,,58500.0,-0.008583743691391442,59500.0,-0.025533302005164762
2019-11-05,58000.0,58000.0,0.0,58500.0,-0.008583743691391442,59500.0,-0.025533302005164762
2019-11-06,58000.0,58000.0,0.0,58000.0,0.0,59500.0,-0.025533302005164762
2019-11-07,58000.0,58000.0,0.0,58000.0,0.0,59500.0,-0.025533302005164762
2019-11-08,58000.0,58000.0,0.0,58000.0,0.0,59500.0,-0.025533302005164762
2019-11-11,58000.0,,,58000.0,0.0,58500.0,-0.008583743691391442
2019-11-12,58000.0,58000.0,0.0,58000.0,0.0,58500.0,-0.008583743691391442
2019-11-13,57500.0,58000.0,-0.008658062743114541,58000.0,-0.008658062743114541,58000.0,-0.008658062743114541
2019-11-14,57500.0,57500.0,0.0,58000.0,-0.008658062743114541,58000.0,-0.008658062743114541
2019-11-15,57500.0,57500.0,0.0,58000.0,-0.008658062743114541,58000.0,-0.008658062743114541
2019-11-18,57500.0,,,58000.0,-0.008658062743114541,58000.0,-0.008658062743114541
2019-11-19,56500.0,57500.0,-0.017544309650909508,58000.0,-0.026202372394024072,58000.0,-0.026202372394024072
2019-11-20,56500.0,56500.0,0.0,57500.0,-0.017544309650909508,58000.0,-0.026202372394024072
2019-11-21,56500.0,56500.0,0.0,57500.0,-0.017544309650909508,58000.0,-0.026202372394024072
2019-11-22,55500.0,56500.0,-0.01785761740000646,57500.0,-0.03540192705091595,58000.0,-0.044059989794030543
2019-11-25,55500.0,,,57500.0,-0.03540192705091595,58000.0,-0.044059989794030543
2019-11-26,55000.0,55500.0,-0.009049835519917927,56500.0,-0.02690745291992438,58000.0,-0.05310982531394841
2019-11-27,55000.0,55000.0,0.0,56500.0,-0.02690745291992438,57500.0,-0.04445176257083381
2019-11-28,54500.0,55000.0,-0.009132483563272474,56500.0,-0.03603993648319693,57500.0,-0.0535842461341064
2019-11-29,53500.0,54500.0,-0.018519047767237527,55500.0,-0.03670136685042793,57500.0,-0.07210329390134394
2019-12-02,52500.0,,,55500.0,-0.055569851154810765,57500.0,-0.09097177820572676
2019-12-03,52500.0,52500.0,0.0,55000.0,-0.04652001563489282,56500.0,-0.0734274685548172
2019-12-04,52500.0,52500.0,0.0,55000.0,-0.04652001563489282,56500.0,-0.0734274685548172
2019-12-05,52500.0,52500.0,0.0,54500.0,-0.03738753207162033,56500.0,-0.0734274685548172
2019-12-06,52500.0,52500.0,0.0,53500.0,-0.018868484304382805,55500.0,-0.055569851154810765
2019-12-09,52500.0,,,52500.0,0.0,55500.0,-0.055569851154810765
2019-12-10,52500.0,52500.0,0.0,52500.0,0.0,55000.0,-0.04652001563489282
2019-12-11,52000.0,52500.0,-0.009569451016150672,52500.0,-0.009569451016150672,55000.0,-0.056089466651043585
2019-12-12,51700.0,52000.0,-0.0057859370670438875,52500.0,-0.01535538808319465,54500.0,-0.052742920154814944
2019-12-13,51700.0,51700.0,0.0,52500.0,-0.01535538808319465,53500.0,-0.034223872387577375
2019-12-16,51500.0,,,52500.0,-0.019231361927887644,52500.0,-0.019231361927887644
2019-12-17,51200.0,51500.0,-0.0058422756242284025,52500.0,-0.025073637552115963,52500.0,-0.025073637552115963
2019-12-18,50800.0,51200.0,-0.007843177461025893,52000.0,-0.023347363996991177,52500.0,-0.03291681501314187
2019-12-19,50800.0,50800.0,0.0,51700.0,-0.017561426929947294,52500.0,-0.03291681501314187
2019-12-20,50800.0,50800.0,0.0,51700.0,-0.017561426929947294,52500.0,-0.03291681501314187
2019-12-23,50800.0,,,51500.0,-0.013685453085254203,52500.0,-0.03291681501314187
2019-12-24,50500.0,50800.0,-0.005923018303122056,51200.0,-0.013766195764147959,52500.0,-0.038839833316263894
2019-12-25,50500.0,50500.0,0.0,50800.0,-0.005923018303122056,52000.0,-0.029270382300113224
2019-12-26,50300.0,50500.0,-0.003968259175620622,50800.0,-0.009891277478742667,51700.0,-0.027452704408689976
2019-12-27,50300.0,50300.0,0.0,50800.0,-0.009891277478742667,51700.0,-0.027452704408689976
2019-12-30,50300.0,,,50800.0,-0.009891277478742667,51500.0,-0.023576730563996885
2019-12-31,50300.0,50300.0,0.0,50500.0,-0.003968259175620622,51200.0,-0.01773445493976858
2020-01-02,50300.0,,,50300.0,0.0,50800.0,-0.009891277478742667
2020-01-03,49700.0,50300.0,-0.012000144003110521,50300.0,-0.012000144003110521,50800.0,-0.021891421481853125
2020-01-06,49200.0,,,50300.0,-0.022111453607431036,50800.0,-0.03200273108617383
2020-01-07,49200.0,49200.0,0.0,50300.0,-0.022111453607431036,50500.0,-0.026079712783051736
2020-01-08,49200.0,49200.0,0.0,,,50500.0,-0.026079712783051736
2020-01-09,49200.0,49200.0,0.0,50300.0,-0.022111453607431036,50300.0,-0.022111453607431036
2020-01-10,48800.0,49200.0,-0.008163310639160981,49700.0,-0.018274620243481556,50300.0,-0.03027476424659208
2020-01-13,48800.0,,,49200.0,-0.008163310639160981,50300.0,-0.03027476424659208
2020-01-14,48750.0,48800.0,-0.001025115415245297,49200.0,-0.009188426054406255,50300.0,-0.031299879661837345
2020-01-15,48750.0,48750.0,0.0,49200.0,-0.009188426054406255,,
2020-01-16,48750.0,48750.0,0.0,49200.0,-0.009188426054406255,50300.0,-0.031299879661837345
2020-01-17,48750.0,48750.0,0.0,48800.0,-0.001025115415245297,49700.0,-0.019299735658726818
2020-01-20,48750.0,,,48800.0,-0.001025115415245297,49200.0,-0.009188426054406255
2020-01-21,48750.0,48750.0,0.0,48750.0,0.0,49200.0,-0.009188426054406255
2020-01-22,48750.0,48750.0,0.0,48750.0,0.0,49200.0,-0.009188426054406255
2020-01-23,0.0,48750.0,-inf,48750.0,-inf,49200.0,-inf
2020-02-03,48750.0,,,,,48750.0,0.0
2020-02-04,48750.0,48750.0,0.0,,,48750.0,0.0
2020-02-05,48750.0,48750.0,0.0,,,48750.0,0.0
2020-02-06,48750.0,48750.0,0.0,,,0.0,inf
2020-02-07,48750.0,48750.0,0.0,,,,
2020-02-10,48750.0,,,48750.0,0.0,,
2020-02-11,48750.0,48750.0,0.0,48750.0,0.0,,
2020-02-12,48750.0,48750.0,0.0,48750.0,0.0,,
2020-02-13,49000.0,48750.0,0.005115100666770409,48750.0,0.005115100666770409,,
2020-02-14,49000.0,49000.0,0.0,48750.0,0.005115100666770409,,
2020-02-17,49000.0,,,48750.0,0.005115100666770409,48750.0,0.005115100666770409
2020-02-18,49000.0,49000.0,0.0,48750.0,0.005115100666770409,48750.0,0.005115100666770409
2020-02-19,49000.0,49000.0,0.0,48750.0,0.005115100666770409,48750.0,0.005115100666770409
2020-02-20,49000.0,49000.0,0.0,49000.0,0.0,48750.0,0.005115100666770409
2020-02-21,49000.0,49000.0,0.0,49000.0,0.0,48750.0,0.005115100666770409
2020-02-24,49000.0,,,49000.0,0.0,48750.0,0.005115100666770409
2020-02-25,49000.0,49000.0,0.0,49000.0,0.0,48750.0,0.005115100666770409
2020-02-26,49000.0,49000.0,0.0,49000.0,0.0,48750.0,0.005115100666770409
2020-02-27,49000.0,49000.0,0.0,49000.0,0.0,49000.0,0.0
2020-02-28,49000.0,49000.0,0.0,49000.0,0.0,49000.0,0.0
2020-03-02,49000.0,,,49000.0,0.0,49000.0,0.0
2020-03-03,49000.0,49000.0,0.0,49000.0,0.0,49000.0,0.0
2020-03-04,49000.0,49000.0,0.0,49000.0,0.0,49000.0,0.0
2020-03-05,49000.0,49000.0,0.0,49000.0,0.0,49000.0,0.0
2020-03-06,49000.0,49000.0,0.0,49000.0,0.0,49000.0,0.0
2020-03-09,49000.0,,,49000.0,0.0,49000.0,0.0
2020-03-10,49000.0,49000.0,0.0,49000.0,0.0,49000.0,0.0
2020-03-11,49000.0,49000.0,0.0,49000.0,0.0,49000.0,0.0
2020-03-12,49000.0,49000.0,0.0,49000.0,0.0,49000.0,0.0
2020-03-13,49000.0,49000.0,0.0,49000.0,0.0,49000.0,0.0
2020-03-16,49000.0,,,49000.0,0.0,49000.0,0.0
2020-03-17,49000.0,49000.0,0.0,49000.0,0.0,49000.0,0.0
2020-03-18,49000.0,49000.0,0.0,49000.0,0.0,49000.0,0.0
2020-03-19,48500.0,49000.0,-0.01025650016718911,49000.0,-0.01025650016718911,49000.0,-0.01025650016718911
2020-03-20,48500.0,48500.0,0.0,49000.0,-0.01025650016718911,49000.0,-0.01025650016718911
2020-03-23,48500.0,,,49000.0,-0.01025650016718911,49000.0,-0.01025650016718911
2020-03-24,47750.0,48500.0,-0.015584731016698203,49000.0,-0.025841231183887328,49000.0,-0.025841231183887328
2020-03-25,47750.0,47750.0,0.0,49000.0,-0.025841231183887328,49000.0,-0.025841231183887328
2020-03-26,47750.0,47750.0,0.0,48500.0,-0.015584731016698203,49000.0,-0.025841231183887328
2020-03-27,47750.0,47750.0,0.0,48500.0,-0.015584731016698203,49000.0,-0.025841231183887328
2020-03-30,47000.0,,,48500.0,-0.03141619623337893,49000.0,-0.041672696400568074
2020-03-31,47000.0,47000.0,0.0,47750.0,-0.015831465216680628,49000.0,-0.041672696400568074
2020-04-01,47000.0,47000.0,0.0,47750.0,-0.015831465216680628,49000.0,-0.041672696400568074
2020-04-02,46750.0,47000.0,-0.005333345975362617,47750.0,-0.021164811192043272,48500.0,-0.03674954220874149
2020-04-03,46750.0,46750.0,0.0,47750.0,-0.021164811192043272,48500.0,-0.03674954220874149
2020-04-07,46750.0,,,47000.0,-0.005333345975362617,47750.0,-0.021164811192043272
2020-04-08,46750.0,46750.0,0.0,47000.0,-0.005333345975362617,47750.0,-0.021164811192043272
2020-04-09,46750.0,46750.0,0.0,46750.0,0.0,47750.0,-0.021164811192043272
2020-04-10,46750.0,46750.0,0.0,46750.0,0.0,47750.0,-0.021164811192043272
2020-04-13,46500.0,,,,,47000.0,-0.010695289116747919
2020-04-14,46500.0,46500.0,0.0,46750.0,-0.005361943141385399,47000.0,-0.010695289116747919
2020-04-15,46500.0,46500.0,0.0,46750.0,-0.005361943141385399,47000.0,-0.010695289116747919
2020-04-16,46500.0,46500.0,0.0,46750.0,-0.005361943141385399,46750.0,-0.005361943141385399
2020-04-17,46500.0,46500.0,0.0,46750.0,-0.005361943141385399,46750.0,-0.005361943141385399
2020-04-20,46500.0,,,46500.0,0.0,,
2020-04-21,46500.0,46500.0,0.0,46500.0,0.0,46750.0,-0.005361943141385399
2020-04-22,46000.0,46500.0,-0.010810916104215617,46500.0,-0.010810916104215617,46750.0,-0.016172859245600957
2020-04-23,46000.0,46000.0,0.0,46500.0,-0.010810916104215617,46750.0,-0.016172859245600957
2020-04-24,45500.0,46000.0,-0.010929070532190317,46500.0,-0.021739986636405875,46750.0,-0.02710192977779127
2020-04-27,45500.0,,,46500.0,-0.021739986636405875,46500.0,-0.021739986636405875
2020-04-28,45500.0,45500.0,0.0,46500.0,-0.021739986636405875,46500.0,-0.021739986636405875
2020-04-29,44750.0,45500.0,-0.016620881236040407,46000.0,-0.02754995176823063,46500.0,-0.03836086787244621
2020-04-30,44750.0,44750.0,0.0,46000.0,-0.02754995176823063,46500.0,-0.03836086787244621
2020-05-06,44750.0,,,44750.0,0.0,46000.0,-0.02754995176823063
2020-05-07,44750.0,44750.0,0.0,44750.0,0.0,46000.0,-0.02754995176823063
2020-05-08,44250.0,44750.0,-0.011236073266925842,,,45500.0,-0.027856954502966224
2020-05-11,43750.0,,,,,45500.0,-0.03922071315328127
2020-05-12,43750.0,43750.0,0.0,,,45500.0,-0.03922071315328127
2020-05-13,43500.0,43750.0,-0.005730674708984983,44750.0,-0.028330506626225996,44750.0,-0.028330506626225996
2020-05-14,43500.0,43500.0,0.0,44750.0,-0.028330506626225996,44750.0,-0.028330506626225996
2020-05-15,43500.0,43500.0,0.0,44250.0,-0.017094433359300068,,
2020-05-18,43500.0,,,43750.0,-0.005730674708984983,,
2020-05-19,43500.0,43500.0,0.0,43750.0,-0.005730674708984983,,
2020-05-20,43500.0,43500.0,0.0,43500.0,0.0,44750.0,-0.028330506626225996
2020-05-21,43500.0,43500.0,0.0,43500.0,0.0,44750.0,-0.028330506626225996
2020-05-22,43500.0,43500.0,0.0,43500.0,0.0,44250.0,-0.017094433359300068
2020-05-25,43250.0,,,43500.0,-0.0057637047167501294,43750.0,-0.011494379425735134
2020-05-26,43250.0,43250.0,0.0,43500.0,-0.0057637047167501294,43750.0,-0.011494379425735134
2020-05-27,43250.0,43250.0,0.0,43500.0,-0.0057637047167501294,43500.0,-0.0057637047167501294
2020-05-28,43000.0,43250.0,-0.005797117684325958,43500.0,-0.011560822401075971,43500.0,-0.011560822401075971
2020-05-29,43000.0,43000.0,0.0,43500.0,-0.011560822401075971,43500.0,-0.011560822401075971
2020-06-01,42750.0,,,43250.0,-0.011628037995119099,43500.0,-0.01739174271186922
2020-06-02,42750.0,42750.0,0.0,43250.0,-0.011628037995119099,43500.0,-0.01739174271186922
2020-06-03,42250.0,42750.0,-0.01176484157958637,43250.0,-0.023392879574705462,43500.0,-0.029156584291455578
2020-06-04,42250.0,42250.0,0.0,43000.0,-0.0175957618903796,43500.0,-0.029156584291455578
2020-06-05,42250.0,42250.0,0.0,43000.0,-0.0175957618903796,43500.0,-0.029156584291455578
2020-06-08,42250.0,,,42750.0,-0.01176484157958637,43250.0,-0.023392879574705462
2020-06-09,42250.0,42250.0,0.0,42750.0,-0.01176484157958637,43250.0,-0.023392879574705462
2020-06-10,42250.0,42250.0,0.0,42250.0,0.0,43250.0,-0.023392879574705462
2020-06-11,42250.0,42250.0,0.0,42250.0,0.0,43000.0,-0.0175957618903796
2020-06-12,42250.0,42250.0,0.0,42250.0,0.0,43000.0,-0.0175957618903796
2020-06-15,42250.0,,,42250.0,0.0,42750.0,-0.01176484157958637
2020-06-16,42000.0,42250.0,-0.005934735519814578,42250.0,-0.005934735519814578,42750.0,-0.017699577099400975
2020-06-17,42000.0,42000.0,0.0,42250.0,-0.005934735519814578,42250.0,-0.005934735519814578
2020-06-18,41000.0,42000.0,-0.02409755157906053,42250.0,-0.03003228709887509,42250.0,-0.03003228709887509
2020-06-19,40750.0,41000.0,-0.006116227017436094,42250.0,-0.03614851411631109,42250.0,-0.03614851411631109
2020-06-22,40750.0,,,42250.0,-0.03614851411631109,42250.0,-0.03614851411631109
2020-06-23,40750.0,40750.0,0.0,42000.0,-0.030213778596496595,42250.0,-0.03614851411631109
2020-06-24,40500.0,40750.0,-0.0061538655743782235,42000.0,-0.03636764417087483,42250.0,-0.04230237969068939
2020-06-29,40500.0,,,40750.0,-0.0061538655743782235,42250.0,-0.04230237969068939
2020-06-30,40500.0,40500.0,0.0,40750.0,-0.0061538655743782235,42000.0,-0.03636764417087483
2020-07-01,40500.0,40500.0,0.0,40500.0,0.0,42000.0,-0.03636764417087483
2020-07-02,40000.0,40500.0,-0.012422519998557209,,,41000.0,-0.02469261259037152
2020-07-03,40000.0,40000.0,0.0,,,40750.0,-0.01857638557293542
2020-07-06,40000.0,,,40500.0,-0.012422519998557209,40750.0,-0.01857638557293542
2020-07-07,40000.0,40000.0,0.0,40500.0,-0.012422519998557209,40750.0,-0.01857638557293542
2020-07-08,40000.0,40000.0,0.0,40500.0,-0.012422519998557209,40500.0,-0.012422519998557209
2020-07-09,40000.0,40000.0,0.0,40000.0,0.0,,
2020-07-10,40000.0,40000.0,0.0,40000.0,0.0,,
2020-07-13,40000.0,,,40000.0,0.0,40500.0,-0.012422519998557209
2020-07-14,40000.0,40000.0,0.0,40000.0,0.0,40500.0,-0.012422519998557209
2020-07-15,40000.0,40000.0,0.0,40000.0,0.0,40500.0,-0.012422519998557209
2020-07-16,40000.0,40000.0,0.0,40000.0,0.0,40000.0,0.0
2020-07-17,40000.0,40000.0,0.0,40000.0,0.0,40000.0,0.0
2020-07-20,40000.0,,,40000.0,0.0,40000.0,0.0
2020-07-21,40000.0,40000.0,0.0,40000.0,0.0,40000.0,0.0
2020-07-22,40000.0,40000.0,0.0,40000.0,0.0,40000.0,0.0
2020-07-23,40000.0,40000.0,0.0,40000.0,0.0,40000.0,0.0
2020-07-24,40000.0,40000.0,0.0,40000.0,0.0,40000.0,0.0
2020-07-27,39750.0,,,40000.0,-0.006269613013595374,40000.0,-0.006269613013595374
2020-07-28,39750.0,39750.0,0.0,40000.0,-0.006269613013595374,40000.0,-0.006269613013595374
2020-07-29,39750.0,39750.0,0.0,40000.0,-0.006269613013595374,40000.0,-0.006269613013595374
2020-07-30,39750.0,39750.0,0.0,40000.0,-0.006269613013595374,40000.0,-0.006269613013595374
2020-07-31,39750.0,39750.0,0.0,40000.0,-0.006269613013595374,40000.0,-0.006269613013595374
2020-08-03,39750.0,,,39750.0,0.0,40000.0,-0.006269613013595374
2020-08-04,39750.0,39750.0,0.0,39750.0,0.0,40000.0,-0.006269613013595374
2020-08-05,39750.0,39750.0,0.0,39750.0,0.0,40000.0,-0.006269613013595374
2020-08-06,39750.0,39750.0,0.0,39750.0,0.0,40000.0,-0.006269613013595374
2020-08-07,39750.0,39750.0,0.0,39750.0,0.0,40000.0,-0.006269613013595374
2020-08-10,39750.0,,,39750.0,0.0,39750.0,0.0
2020-08-11,39750.0,39750.0,0.0,39750.0,0.0,39750.0,0.0
2020-08-12,39750.0,39750.0,0.0,39750.0,0.0,39750.0,0.0
2020-08-13,39750.0,39750.0,0.0,39750.0,0.0,39750.0,0.0
2020-08-14,39750.0,39750.0,0.0,39750.0,0.0,39750.0,0.0
2020-08-17,39750.0,,,39750.0,0.0,39750.0,0.0
2020-08-18,39750.0,39750.0,0.0,39750.0,0.0,39750.0,0.0
2020-08-19,39750.0,39750.0,0.0,39750.0,0.0,39750.0,0.0
2020-08-20,39750.0,39750.0,0.0,39750.0,0.0,39750.0,0.0
2020-08-21,39750.0,39750.0,0.0,39750.0,0.0,39750.0,0.0
2020-08-24,40000.0,,,39750.0,0.006269613013595395,39750.0,0.006269613013595395
2020-08-25,40000.0,40000.0,0.0,39750.0,0.006269613013595395,39750.0,0.006269613013595395
2020-08-26,40000.0,40000.0,0.0,39750.0,0.006269613013595395,39750.0,0.006269613013595395
2020-08-27,40000.0,40000.0,0.0,39750.0,0.006269613013595395,39750.0,0.006269613013595395
2020-08-28,40000.0,40000.0,0.0,39750.0,0.006269613013595395,39750.0,0.006269613013595395
2020-08-31,40000.0,,,40000.0,0.0,39750.0,0.006269613013595395
2020-09-01,40000.0,40000.0,0.0,40000.0,0.0,39750.0,0.006269613013595395
2020-09-02,40000.0,40000.0,0.0,40000.0,0.0,39750.0,0.006269613013595395
2020-09-03,40000.0,40000.0,0.0,40000.0,0.0,39750.0,0.006269613013595395
2020-09-04,40000.0,40000.0,0.0,40000.0,0.0,39750.0,0.006269613013595395
2020-09-07,40000.0,,,40000.0,0.0,40000.0,0.0
2020-09-08,40000.0,40000.0,0.0,40000.0,0.0,40000.0,0.0
2020-09-09,40000.0,40000.0,0.0,40000.0,0.0,40000.0,0.0
2020-09-10,40000.0,40000.0,0.0,40000.0,0.0,40000.0,0.0
2020-09-11,40000.0,40000.0,0.0,40000.0,0.0,40000.0,0.0
2020-09-14,40000.0,,,40000.0,0.0,40000.0,0.0
2020-09-15,40000.0,40000.0,0.0,40000.0,0.0,40000.0,0.0
2020-09-16,40000.0,40000.0,0.0,40000.0,0.0,40000.0,0.0
2020-09-17,40000.0,40000.0,0.0,40000.0,0.0,40000.0,0.0
2020-09-18,40250.0,40000.0,0.006230549750636163,40000.0,0.006230549750636163,40000.0,0.006230549750636163
2020-09-21,40250.0,,,40000.0,0.006230549750636163,40000.0,0.006230549750636163
2020-09-22,40250.0,40250.0,0.0,40000.0,0.006230549750636163,40000.0,0.006230549750636163
2020-09-23,40250.0,40250.0,0.0,40000.0,0.006230549750636163,40000.0,0.006230549750636163
2020-09-24,40250.0,40250.0,0.0,40000.0,0.006230549750636163,40000.0,0.006230549750636163
2020-09-25,40250.0,40250.0,0.0,40250.0,0.0,40000.0,0.006230549750636163
2020-09-28,40250.0,,,40250.0,0.0,40000.0,0.006230549750636163
2020-09-29,40250.0,40250.0,0.0,40250.0,0.0,40000.0,0.006230549750636163
2020-09-30,40250.0,40250.0,0.0,40250.0,0.0,40000.0,0.006230549750636163
2020-10-09,40250.0,,,,,40250.0,0.0
2020-10-12,40250.0,,,,,40250.0,0.0
2020-10-13,40250.0,40250.0,0.0,,,40250.0,0.0
2020-10-14,40750.0,40250.0,0.012345835822299362,,,40250.0,0.012345835822299362
2020-10-15,40750.0,40750.0,0.0,,,,
2020-10-16,40750.0,40750.0,0.0,40250.0,0.012345835822299362,,
2020-10-19,40750.0,,,40250.0,0.012345835822299362,,
2020-10-20,40750.0,40750.0,0.0,40250.0,0.012345835822299362,,
2020-10-21,40750.0,40750.0,0.0,40750.0,0.0,,
2020-10-22,40750.0,40750.0,0.0,40750.0,0.0,,
2020-10-23,40750.0,40750.0,0.0,40750.0,0.0,40250.0,0.012345835822299362
2020-10-26,40750.0,,,40750.0,0.0,40250.0,0.012345835822299362
2020-10-27,40750.0,40750.0,0.0,40750.0,0.0,40250.0,0.012345835822299362
2020-10-28,40750.0,40750.0,0.0,40750.0,0.0,40750.0,0.0
2020-10-29,40750.0,40750.0,0.0,40750.0,0.0,40750.0,0.0
2020-10-30,40750.0,40750.0,0.0,40750.0,0.0,40750.0,0.0
2020-11-02,41500.0,,,40750.0,0.018237587549780793,40750.0,0.018237587549780793
2020-11-03,41500.0,41500.0,0.0,40750.0,0.018237587549780793,40750.0,0.018237587549780793
2020-11-04,41500.0,41500.0,0.0,40750.0,0.018237587549780793,40750.0,0.018237587549780793
2020-11-05,41500.0,41500.0,0.0,40750.0,0.018237587549780793,40750.0,0.018237587549780793
2020-11-06,41500.0,41500.0,0.0,40750.0,0.018237587549780793,40750.0,0.018237587549780793
2020-11-09,41500.0,,,41500.0,0.0,40750.0,0.018237587549780793
2020-11-10,42000.0,41500.0,0.01197619104671562,41500.0,0.01197619104671562,40750.0,0.030213778596496633
2020-11-11,42500.0,42000.0,0.011834457647002798,41500.0,0.023810648693718607,40750.0,0.042048236243499404
2020-11-12,42500.0,42500.0,0.0,41500.0,0.023810648693718607,40750.0,0.042048236243499404
2020-11-13,43000.0,42500.0,0.011696039763191236,41500.0,0.03550668845690982,40750.0,0.053744276006690614
2020-11-16,43000.0,,,41500.0,0.03550668845690982,41500.0,0.03550668845690982
2020-11-17,43000.0,43000.0,0.0,42000.0,0.023530497410194036,41500.0,0.03550668845690982
2020-11-18,43000.0,43000.0,0.0,42500.0,0.011696039763191236,41500.0,0.03550668845690982
2020-11-19,43000.0,43000.0,0.0,42500.0,0.011696039763191236,41500.0,0.03550668845690982
2020-11-20,43000.0,43000.0,0.0,43000.0,0.0,41500.0,0.03550668845690982
2020-11-23,43500.0,,,43000.0,0.011560822401076006,41500.0,0.04706751085798573
2020-11-24,43500.0,43500.0,0.0,43000.0,0.011560822401076006,42000.0,0.03509131981127019
2020-11-25,43500.0,43500.0,0.0,43000.0,0.011560822401076006,42500.0,0.023256862164267183
2020-11-26,43500.0,43500.0,0.0,43000.0,0.011560822401076006,42500.0,0.023256862164267183
2020-11-27,44000.0,43500.0,0.01142869582362285,43000.0,0.02298951822469878,43000.0,0.02298951822469878
2020-11-30,44000.0,,,43500.0,0.01142869582362285,43000.0,0.02298951822469878
2020-12-01,44000.0,44000.0,0.0,43500.0,0.01142869582362285,43000.0,0.02298951822469878
2020-12-02,44000.0,44000.0,0.0,43500.0,0.01142869582362285,43000.0,0.02298951822469878
2020-12-03,44000.0,44000.0,0.0,43500.0,0.01142869582362285,43000.0,0.02298951822469878
2020-12-04,44500.0,44000.0,0.011299555253933466,44000.0,0.011299555253933466,43000.0,0.034289073478632165
2020-12-07,44500.0,,,44000.0,0.011299555253933466,43500.0,0.02272825107755609
2020-12-08,45500.0,44500.0,0.022223136784710256,44000.0,0.033522692038643644,43500.0,0.04495138786226627
2020-12-09,45750.0,45500.0,0.0054794657646255705,44000.0,0.039002157803269176,43500.0,0.050430853626891904
2020-12-10,45750.0,45750.0,0.0,44000.0,0.039002157803269176,43500.0,0.050430853626891904
2020-12-11,46750.0,45750.0,0.02162246401316571,44500.0,0.04932506656250149,44000.0,0.06062462181643484
2020-12-14,46750.0,,,44500.0,0.04932506656250149,44000.0,0.06062462181643484
2020-12-15,46750.0,46750.0,0.0,45500.0,0.02710192977779118,44000.0,0.06062462181643484
2020-12-16,46750.0,46750.0,0.0,45750.0,0.02162246401316571,44000.0,0.06062462181643484
2020-12-17,46750.0,46750.0,0.0,45750.0,0.02162246401316571,44000.0,0.06062462181643484
2020-12-18,46750.0,46750.0,0.0,46750.0,0.0,44500.0,0.04932506656250149
2020-12-21,47250.0,,,46750.0,0.010638398205055797,44500.0,0.05996346476755727
2020-12-22,48750.0,47250.0,0.03125254350410453,46750.0,0.04189094170916013,45500.0,0.06899287148695142
2020-12-23,49250.0,48750.0,0.010204170174241668,46750.0,0.05209511188340187,45750.0,0.07371757589656765
2020-12-24,49250.0,49250.0,0.0,46750.0,0.05209511188340187,45750.0,0.07371757589656765
2020-12-25,50000.0,49250.0,0.015113637810048106,46750.0,0.0672087496934501,46750.0,0.0672087496934501
2020-12-28,50750.0,,,47250.0,0.07145896398214505,46750.0,0.08209736218720061
2020-12-29,50750.0,50750.0,0.0,48750.0,0.04020642047804061,46750.0,0.08209736218720061
2020-12-30,51500.0,50750.0,0.01467018974779384,49250.0,0.0446724400515926,46750.0,0.09676755193499442
2020-12-31,51500.0,51500.0,0.0,49250.0,0.0446724400515926,46750.0,0.09676755193499442
2021-01-04,53000.0,,,50750.0,0.04338029563022518,47250.0,0.11483925961237001
2021-01-05,54000.0,53000.0,0.018692133012152546,50750.0,0.0620724286423777,48750.0,0.10227884912041825
2021-01-06,54750.0,54000.0,0.01379332213233577,51500.0,0.06119556102691971,49250.0,0.10586800107851221
2021-01-07,56000.0,54750.0,0.022574322038538975,51500.0,0.08376988306545874,49250.0,0.12844232311705142
2021-01-08,57500.0,56000.0,0.02643325706815543,,,50000.0,0.13976194237515863
2021-01-11,59000.0,,,53000.0,0.10724553035359759,50750.0,0.15062582598382265
2021-01-12,60000.0,59000.0,0.01680711831638119,54000.0,0.10536051565782635,50750.0,0.16743294430020406
2021-01-13,61000.0,60000.0,0.016529301951210506,54750.0,0.10809649547670099,51500.0,0.16929205650362072
2021-01-14,61750.0,61000.0,0.012220111334775397,56000.0,0.09774228477293731,51500.0,0.18151216783839605
2021-01-15,63000.0,61750.0,0.02004075088344619,57500.0,0.09134977858822783,,
2021-01-18,63000.0,,,59000.0,0.06559728248581327,53000.0,0.17284281283941083
2021-01-19,64500.0,63000.0,0.023530497410194036,60000.0,0.07232066157962608,54000.0,0.17768117723745241
2021-01-20,64500.0,64500.0,0.0,61000.0,0.05579135962841551,54750.0,0.16388785510511664
2021-01-21,66000.0,64500.0,0.02298951822469878,61750.0,0.06656076651833906,56000.0,0.16430305129127634
2021-01-22,67500.0,66000.0,0.022472855852058576,63000.0,0.06899287148695142,57500.0,0.16034265007517948
2021-01-25,68500.0,,,63000.0,0.08369901887664684,59000.0,0.14929630136246017
2021-01-26,69000.0,68500.0,0.007272759329079878,64500.0,0.06744128079553248,60000.0,0.13976194237515863
2021-01-27,69000.0,69000.0,0.0,64500.0,0.06744128079553248,61000.0,0.12323264042394806
2021-01-28,70500.0,69000.0,0.021506205220963682,66000.0,0.06595796779179737,61750.0,0.1325187343101363
2021-01-29,70500.0,70500.0,0.0,67500.0,0.04348511193973889,63000.0,0.1124779834266903
2021-02-01,70500.0,,,68500.0,0.028778964550043327,63000.0,0.1124779834266903
2021-02-02,72000.0,70500.0,0.021053409197832263,69000.0,0.0425596144187959,64500.0,0.11000089521432849
2021-02-03,72000.0,72000.0,0.0,69000.0,0.0425596144187959,64500.0,0.11000089521432849
2021-02-04,72000.0,72000.0,0.0,70500.0,0.021053409197832263,66000.0,0.0870113769896297
2021-02-05,72000.0,72000.0,0.0,70500.0,0.021053409197832263,67500.0,0.06453852113757116
2021-02-08,72000.0,,,70500.0,0.021053409197832263,68500.0,0.049832373747875754
2021-02-09,72000.0,72000.0,0.0,72000.0,0.0,69000.0,0.0425596144187959
2021-02-10,72000.0,72000.0,0.0,72000.0,0.0,69000.0,0.0425596144187959
2021-02-18,74000.0,,,,,72000.0,0.027398974188114347
2021-02-19,76500.0,74000.0,0.033225647628320386,,,72000.0,0.06062462181643484
2021-02-22,76500.0,,,,,72000.0,0.06062462181643484
2021-02-23,78000.0,76500.0,0.019418085857101516,,,72000.0,0.08004270767353636
2021-02-24,80000.0,78000.0,0.025317807984289786,,,72000.0,0.10536051565782635
2021-02-25,80000.0,80000.0,0.0,74000.0,0.07796154146971192,,
2021-02-26,80500.0,80000.0,0.006230549750636163,76500.0,0.050966443592027566,,
2021-03-01,80500.0,,,76500.0,0.050966443592027566,,
2021-03-02,82500.0,80500.0,0.02454110891611766,78000.0,0.05608946665104358,,
2021-03-03,82500.0,82500.0,0.0,80000.0,0.030771658666753687,,
2021-03-04,82500.0,82500.0,0.0,80000.0,0.030771658666753687,74000.0,0.10873320013646559
2021-03-05,82500.0,82500.0,0.0,80500.0,0.02454110891611766,76500.0,0.0755075525081451
2021-03-08,82500.0,,,80500.0,0.02454110891611766,76500.0,0.0755075525081451
2021-03-09,83500.0,82500.0,0.012048338516174574,82500.0,0.012048338516174574,78000.0,0.06813780516721804
2021-03-10,83500.0,83500.0,0.0,82500.0,0.012048338516174574,80000.0,0.04281999718292814
2021-03-11,83500.0,83500.0,0.0,82500.0,0.012048338516174574,80000.0,0.04281999718292814
2021-03-12,83500.0,83500.0,0.0,82500.0,0.012048338516174574,80500.0,0.03658944743229218
2021-03-15,83500.0,,,82500.0,0.012048338516174574,80500.0,0.03658944743229218
2021-03-16,83500.0,83500.0,0.0,83500.0,0.0,82500.0,0.012048338516174574
2021-03-17,83500.0,83500.0,0.0,83500.0,0.0,82500.0,0.012048338516174574
2021-03-18,84500.0,83500.0,0.011904902506318458,83500.0,0.011904902506318458,82500.0,0.023953241022492796
2021-03-19,84500.0,84500.0,0.0,83500.0,0.011904902506318458,82500.0,0.023953241022492796
2021-03-22,85500.0,,,83500.0,0.023669744085904703,82500.0,0.035718082602079246
2021-03-23,87000.0,85500.0,0.01739174271186924,83500.0,0.04106148679777392,83500.0,0.04106148679777392
2021-03-24,87000.0,87000.0,0.0,83500.0,0.04106148679777392,83500.0,0.04106148679777392
2021-03-25,87000.0,87000.0,0.0,84500.0,0.029156584291455487,83500.0,0.04106148679777392
2021-03-26,88500.0,87000.0,0.01709443335930004,84500.0,0.04625101765075569,83500.0,0.05815592015707406
2021-03-29,88500.0,,,85500.0,0.034486176071169404,83500.0,0.05815592015707406
2021-03-30,88500.0,88500.0,0.0,87000.0,0.01709443335930004,83500.0,0.05815592015707406
2021-03-31,88500.0,88500.0,0.0,87000.0,0.01709443335930004,83500.0,0.05815592015707406
2021-04-01,88500.0,88500.0,0.0,87000.0,0.01709443335930004,84500.0,0.04625101765075569
2021-04-02,89000.0,88500.0,0.005633817718256064,88500.0,0.005633817718256064,84500.0,0.05188483536901172
2021-04-06,90000.0,,,88500.0,0.01680711831638119,87000.0,0.033901551675681416
2021-04-07,90000.0,90000.0,0.0,88500.0,0.01680711831638119,87000.0,0.033901551675681416
2021-04-08,90000.0,90000.0,0.0,88500.0,0.01680711831638119,87000.0,0.033901551675681416
2021-04-09,90000.0,90000.0,0.0,89000.0,0.011173300598125255,88500.0,0.01680711831638119
2021-04-12,90000.0,,,,,88500.0,0.01680711831638119
2021-04-13,90000.0,90000.0,0.0,90000.0,0.0,88500.0,0.01680711831638119
2021-04-14,90000.0,90000.0,0.0,90000.0,0.0,88500.0,0.01680711831638119
2021-04-15,90000.0,90000.0,0.0,90000.0,0.0,88500.0,0.01680711831638119
2021-04-16,90000.0,90000.0,0.0,90000.0,0.0,89000.0,0.011173300598125255
2021-04-19,90000.0,,,90000.0,0.0,,
2021-04-20,90000.0,90000.0,0.0,90000.0,0.0,90000.0,0.0
2021-04-21,90000.0,90000.0,0.0,90000.0,0.0,90000.0,0.0
2021-04-22,90000.0,90000.0,0.0,90000.0,0.0,90000.0,0.0
2021-04-23,90000.0,90000.0,0.0,90000.0,0.0,90000.0,0.0
2021-04-26,89000.0,,,90000.0,-0.011173300598125189,90000.0,-0.011173300598125189
2021-04-27,89000.0,89000.0,0.0,90000.0,-0.011173300598125189,90000.0,-0.011173300598125189
2021-04-28,89000.0,89000.0,0.0,90000.0,-0.011173300598125189,90000.0,-0.011173300598125189
2021-04-29,89000.0,89000.0,0.0,90000.0,-0.011173300598125189,90000.0,-0.011173300598125189
2021-04-30,89000.0,89000.0,0.0,90000.0,-0.011173300598125189,90000.0,-0.011173300598125189
2021-05-06,89000.0,,,89000.0,0.0,90000.0,-0.011173300598125189
2021-05-07,89000.0,89000.0,0.0,89000.0,0.0,90000.0,-0.011173300598125189
2021-05-10,89000.0,,,,,89000.0,0.0
2021-05-11,89000.0,89000.0,0.0,,,89000.0,0.0
2021-05-12,89000.0,89000.0,0.0,,,89000.0,0.0
2021-05-13,89000.0,89000.0,0.0,89000.0,0.0,89000.0,0.0
2021-05-14,89000.0,89000.0,0.0,89000.0,0.0,89000.0,0.0
2021-05-17,89000.0,,,89000.0,0.0,,
2021-05-18,89000.0,89000.0,0.0,89000.0,0.0,,
2021-05-19,89000.0,89000.0,0.0,89000.0,0.0,,
2021-05-20,89000.0,89000.0,0.0,89000.0,0.0,89000.0,0.0
2021-05-21,89000.0,89000.0,0.0,89000.0,0.0,89000.0,0.0
2021-05-24,89000.0,,,89000.0,0.0,89000.0,0.0
2021-05-25,89000.0,89000.0,0.0,89000.0,0.0,89000.0,0.0
2021-05-26,89000.0,89000.0,0.0,89000.0,0.0,89000.0,0.0
2021-05-27,89000.0,89000.0,0.0,89000.0,0.0,89000.0,0.0
2021-05-28,89000.0,89000.0,0.0,89000.0,0.0,89000.0,0.0
2021-05-31,89000.0,,,89000.0,0.0,89000.0,0.0
2021-06-01,89000.0,89000.0,0.0,89000.0,0.0,89000.0,0.0
2021-06-02,88000.0,89000.0,-0.011299555253933394,89000.0,-0.011299555253933394,89000.0,-0.011299555253933394
2021-06-03,88000.0,88000.0,0.0,89000.0,-0.011299555253933394,89000.0,-0.011299555253933394
2021-06-04,88000.0,88000.0,0.0,89000.0,-0.011299555253933394,89000.0,-0.011299555253933394
2021-06-07,88000.0,,,89000.0,-0.011299555253933394,89000.0,-0.011299555253933394
2021-06-08,88000.0,88000.0,0.0,89000.0,-0.011299555253933394,89000.0,-0.011299555253933394
2021-06-09,88000.0,88000.0,0.0,88000.0,0.0,89000.0,-0.011299555253933394
2021-06-10,88000.0,88000.0,0.0,88000.0,0.0,89000.0,-0.011299555253933394
2021-06-11,88000.0,88000.0,0.0,88000.0,0.0,89000.0,-0.011299555253933394
2021-06-15,88000.0,,,88000.0,0.0,89000.0,-0.011299555253933394
2021-06-16,88000.0,88000.0,0.0,88000.0,0.0,88000.0,0.0
2021-06-17,88000.0,88000.0,0.0,88000.0,0.0,88000.0,0.0
2021-06-18,88000.0,88000.0,0.0,88000.0,0.0,88000.0,0.0
2021-06-21,88000.0,,,,,88000.0,0.0
2021-06-22,87500.0,88000.0,-0.005698021114637779,88000.0,-0.005698021114637779,88000.0,-0.005698021114637779
2021-06-23,87500.0,87500.0,0.0,88000.0,-0.005698021114637779,88000.0,-0.005698021114637779
2021-06-24,87500.0,87500.0,0.0,88000.0,-0.005698021114637779,88000.0,-0.005698021114637779
2021-06-25,87500.0,87500.0,0.0,88000.0,-0.005698021114637779,88000.0,-0.005698021114637779
2021-06-28,87500.0,,,88000.0,-0.005698021114637779,,
2021-06-29,87500.0,87500.0,0.0,87500.0,0.0,88000.0,-0.005698021114637779
2021-06-30,87500.0,87500.0,0.0,87500.0,0.0,88000.0,-0.005698021114637779
2021-07-01,87500.0,87500.0,0.0,87500.0,0.0,88000.0,-0.005698021114637779
2021-07-02,87500.0,87500.0,0.0,87500.0,0.0,88000.0,-0.005698021114637779
2021-07-05,87500.0,,,87500.0,0.0,88000.0,-0.005698021114637779
2021-07-06,87500.0,87500.0,0.0,87500.0,0.0,87500.0,0.0
2021-07-07,87500.0,87500.0,0.0,87500.0,0.0,87500.0,0.0
2021-07-08,87500.0,87500.0,0.0,87500.0,0.0,87500.0,0.0
2021-07-09,87500.0,87500.0,0.0,87500.0,0.0,87500.0,0.0
2021-07-12,87500.0,,,87500.0,0.0,87500.0,0.0
2021-07-13,87500.0,87500.0,0.0,87500.0,0.0,87500.0,0.0
2021-07-14,87500.0,87500.0,0.0,87500.0,0.0,87500.0,0.0
2021-07-15,87500.0,87500.0,0.0,87500.0,0.0,87500.0,0.0
2021-07-16,87500.0,87500.0,0.0,87500.0,0.0,87500.0,0.0
2021-07-19,87500.0,,,87500.0,0.0,87500.0,0.0
2021-07-20,88000.0,87500.0,0.005698021114637796,87500.0,0.005698021114637796,87500.0,0.005698021114637796
2021-07-21,88000.0,88000.0,0.0,87500.0,0.005698021114637796,87500.0,0.005698021114637796
2021-07-22,88000.0,88000.0,0.0,87500.0,0.005698021114637796,87500.0,0.005698021114637796
2021-07-23,88000.0,88000.0,0.0,87500.0,0.005698021114637796,87500.0,0.005698021114637796
2021-07-26,88500.0,,,87500.0,0.011363758650315003,87500.0,0.011363758650315003
2021-07-27,88500.0,88500.0,0.0,88000.0,0.0056657375356773,87500.0,0.011363758650315003
2021-07-28,88500.0,88500.0,0.0,88000.0,0.0056657375356773,87500.0,0.011363758650315003
2021-07-29,88500.0,88500.0,0.0,88000.0,0.0056657375356773,87500.0,0.011363758650315003
2021-07-30,89000.0,88500.0,0.005633817718256064,88000.0,0.011299555253933466,87500.0,0.016997576368571077
2021-08-02,89000.0,,,88500.0,0.005633817718256064,87500.0,0.016997576368571077
2021-08-03,90500.0,89000.0,0.016713480973740532,88500.0,0.022347298691996618,88000.0,0.028013036227673888
2021-08-04,92000.0,90500.0,0.01643872634315994,88500.0,0.03878602503515645,88000.0,0.044451762570833796
2021-08-05,92000.0,92000.0,0.0,88500.0,0.03878602503515645,88000.0,0.044451762570833796
2021-08-06,92000.0,92000.0,0.0,89000.0,0.03315220731690055,88000.0,0.044451762570833796
2021-08-09,92000.0,,,89000.0,0.03315220731690055,88500.0,0.03878602503515645
2021-08-10,93500.0,92000.0,0.016172859245600968,90500.0,0.032611585588760796,88500.0,0.05495888428075741
2021-08-11,94500.0,93500.0,0.010638398205055797,92000.0,0.02681125745065677,88500.0,0.06559728248581327
2021-08-12,94500.0,94500.0,0.0,92000.0,0.02681125745065677,88500.0,0.06559728248581327
2021-08-13,95500.0,94500.0,0.010526412986987603,92000.0,0.03733767043764431,89000.0,0.0704898777545448
2021-08-16,96500.0,,,92000.0,0.047754431295900034,89000.0,0.0809066386128005
2021-08-17,96500.0,96500.0,0.0,93500.0,0.03158157205029884,90500.0,0.06419315763905986
2021-08-18,97500.0,96500.0,0.010309369658861287,94500.0,0.03125254350410453,92000.0,0.058063800954761116
2021-08-19,99500.0,97500.0,0.020305266160745523,94500.0,0.051557809664850116,92000.0,0.0783690671155068
2021-08-20,101000.0,99500.0,0.01496287267671232,95500.0,0.055994269354574785,92000.0,0.09333193979221913
2021-08-23,102500.0,,,96500.0,0.06031979023352262,92000.0,0.10807422152942252
2021-08-24,104000.0,102500.0,0.014528100562909808,96500.0,0.07484789079643248,93500.0,0.10642946284673135
2021-08-25,106000.0,104000.0,0.01904819497069441,97500.0,0.08358671610826557,94500.0,0.11483925961237001
2021-08-26,107500.0,106000.0,0.014051753455650287,99500.0,0.07733320340317032,94500.0,0.1288910130680205
2021-08-27,109000.0,107500.0,0.01385703466142628,101000.0,0.07622736538788431,95500.0,0.13222163474245913
2021-08-30,111000.0,,,102500.0,0.07966740273387134,96500.0,0.13998719296739398
2021-08-31,113000.0,111000.0,0.01785761740000647,104000.0,0.08299691957096783,96500.0,0.15784481036740028
2021-09-01,116500.0,113000.0,0.030503454293414625,106000.0,0.09445217889368815,97500.0,0.17803889500195375
2021-09-02,121000.0,116500.0,0.03789927259098573,107500.0,0.11829969802902356,99500.0,0.19563290143219395
2021-09-03,124000.0,121000.0,0.024491020008295696,109000.0,0.12893368337589323,101000.0,0.2051610487637774
2021-09-06,124000.0,,,111000.0,0.11075136429270266,102500.0,0.19041876702657395
2021-09-07,127000.0,124000.0,0.023905520853554386,113000.0,0.11679926774625068,104000.0,0.19979618731721868
2021-09-08,131000.0,127000.0,0.031010236742560218,116500.0,0.11730605019539635,106000.0,0.21175822908908445
2021-09-09,134000.0,131000.0,0.022642476749759752,121000.0,0.10204925435417037,107500.0,0.2203489523831939
2021-09-10,137500.0,134000.0,0.025784117155714634,124000.0,0.10334235150158913,109000.0,0.23227603487748236
2021-09-13,140500.0,,,124000.0,0.12492592316876358,111000.0,0.23567728746146627
2021-09-14,143500.0,140500.0,0.021127546425875277,127000.0,0.12214794874108452,113000.0,0.2389472164873353
2021-09-15,147000.0,143500.0,0.024097551579060524,131000.0,0.11523526357758473,116500.0,0.232541313772981
2021-09-16,151500.0,147000.0,0.030153038170687457,134000.0,0.12274582499851255,121000.0,0.2247950793526827
2021-09-17,155000.0,151500.0,0.022839491969822736,137500.0,0.11980119981262058,124000.0,0.22314355131420976
2021-09-22,158000.0,,,147000.0,0.07216244624823058,131000.0,0.18739770982581527
2021-09-23,161000.0,158000.0,0.018809331957496293,151500.0,0.06081874003503915,134000.0,0.18356456503355165
2021-09-24,165500.0,161000.0,0.027566829832654592,155000.0,0.06554607789787087,137500.0,0.1853472777104916
2021-09-27,169500.0,,,,,140500.0,0.1876454380467045
2021-09-28,171500.0,169500.0,0.0117303397854896,,,143500.0,0.17824823140631876
2021-09-29,173500.0,171500.0,0.011594332780919227,158000.0,0.09358256635994715,147000.0,0.16574501260817764
2021-09-30,176750.0,173500.0,0.01855870538976825,161000.0,0.09333193979221913,151500.0,0.15415067982725836
2021-10-08,179750.0,,,,,165500.0,0.08259580178403848
2021-10-11,181750.0,,,,,169500.0,0.06977918959312386
2021-10-12,184750.0,181750.0,0.016371443414682368,,,171500.0,0.0744202932223165
2021-10-13,186000.0,184750.0,0.006743113884890101,,,173500.0,0.0695690743262873
2021-10-14,187000.0,186000.0,0.005361943141385373,,,176750.0,0.056372312077904385
2021-10-15,189000.0,187000.0,0.010638398205055797,179750.0,0.05018001845848621,,
2021-10-18,189000.0,,,181750.0,0.03911489864601358,,
2021-10-19,189000.0,189000.0,0.0,184750.0,0.022743455231331214,,
2021-10-20,190000.0,189000.0,0.005277057100843819,186000.0,0.02127739844728488,,
2021-10-21,190000.0,190000.0,0.0,187000.0,0.015915455305899582,,
2021-10-22,190000.0,190000.0,0.0,189000.0,0.005277057100843819,179750.0,0.055457075559330146
2021-10-25,192500.0,,,189000.0,0.018349138668196617,181750.0,0.05746403731421021
2021-10-26,192500.0,192500.0,0.0,189000.0,0.018349138668196617,184750.0,0.041092593899527685
2021-10-27,192500.0,192500.0,0.0,190000.0,0.0130720815673527,186000.0,0.03434948001463764
2021-10-28,193500.0,192500.0,0.0051813587419975845,190000.0,0.0182534403093503,187000.0,0.03416889561524979
2021-10-29,193500.0,193500.0,0.0,190000.0,0.0182534403093503,189000.0,0.023530497410194036
2021-11-01,193500.0,,,192500.0,0.0051813587419975845,189000.0,0.023530497410194036
2021-11-02,193500.0,193500.0,0.0,192500.0,0.0051813587419975845,189000.0,0.023530497410194036
2021-11-03,193500.0,193500.0,0.0,192500.0,0.0051813587419975845,190000.0,0.0182534403093503
2021-11-04,193500.0,193500.0,0.0,193500.0,0.0,190000.0,0.0182534403093503
2021-11-05,194500.0,193500.0,0.005154650588664422,193500.0,0.005154650588664422,190000.0,0.023408090898014804
2021-11-08,194500.0,,,193500.0,0.005154650588664422,192500.0,0.010336009330662073
2021-11-09,195500.0,194500.0,0.005128216366919529,193500.0,0.010282866955584056,192500.0,0.015464225697581553
2021-11-10,195500.0,195500.0,0.0,193500.0,0.010282866955584056,192500.0,0.015464225697581553
2021-11-11,196500.0,195500.0,0.005102051883895552,193500.0,0.015384918839479456,193500.0,0.015384918839479456
2021-11-12,196500.0,196500.0,0.0,194500.0,0.010230268250815043,193500.0,0.015384918839479456
2021-11-15,196500.0,,,194500.0,0.010230268250815043,193500.0,0.015384918839479456
2021-11-16,196500.0,196500.0,0.0,195500.0,0.005102051883895552,193500.0,0.015384918839479456
2021-11-17,197500.0,196500.0,0.005076153031860568,195500.0,0.010178204915756052,193500.0,0.020461071871340025
2021-11-18,198500.0,197500.0,0.0050505157860685716,196500.0,0.010126668817929268,193500.0,0.02551158765740851
2021-11-19,198500.0,198500.0,0.0,196500.0,0.010126668817929268,194500.0,0.020356937068744103
2021-11-22,198500.0,,,196500.0,0.010126668817929268,194500.0,0.020356937068744103
2021-11-23,200000.0,198500.0,0.007528266420791588,196500.0,0.017654935238720745,195500.0,0.022756987122616278
2021-11-24,200000.0,200000.0,0.0,197500.0,0.012578782206860185,195500.0,0.022756987122616278
2021-11-25,200000.0,200000.0,0.0,198500.0,0.007528266420791588,196500.0,0.017654935238720745
2021-11-26,200000.0,200000.0,0.0,198500.0,0.007528266420791588,196500.0,0.017654935238720745
2021-11-29,202500.0,,,198500.0,0.019950786419348693,196500.0,0.030077455237277954
2021-11-30,203500.0,202500.0,0.0049261183360557815,200000.0,0.017348638334613073,196500.0,0.03500357357333374
2021-12-01,205500.0,203500.0,0.0097800290536397,200000.0,0.027128667388252696,197500.0,0.03970744959511273
2021-12-02,207500.0,205500.0,0.009685305734463679,200000.0,0.0368139731227164,198500.0,0.044342239543507966
2021-12-03,210000.0,207500.0,0.01197619104671562,200000.0,0.04879016416943205,198500.0,0.056318430590223616
2021-12-06,211000.0,,,202500.0,0.04111824692947276,198500.0,0.06106903334882137
2021-12-07,213500.0,211000.0,0.011778699192612705,203500.0,0.04797082778602953,200000.0,0.06531946612064246
2021-12-08,213500.0,213500.0,0.0,205500.0,0.038190798732389904,200000.0,0.06531946612064246
2021-12-09,216000.0,213500.0,0.01164157501548577,207500.0,0.040147068013411946,200000.0,0.0769610411361284
2021-12-10,219500.0,216000.0,0.016073824831061054,210000.0,0.04424470179775742,200000.0,0.0930348659671893
2021-12-13,223000.0,,,211000.0,0.055313637984052186,202500.0,0.09643188491352489
2021-12-14,229000.0,223000.0,0.026550232094120964,213500.0,0.07008517088556047,203500.0,0.11805599867159006
2021-12-15,232000.0,229000.0,0.013015368112070227,213500.0,0.0831005389976308,205500.0,0.12129133773002061
2021-12-16,236000.0,232000.0,0.01709443335930004,216000.0,0.08855339734144503,207500.0,0.1287004653548571
2021-12-17,238000.0,236000.0,0.008438868645864604,219500.0,0.08091844115624867,210000.0,0.125163142954006
2021-12-20,241500.0,,,223000.0,0.07969770163250853,211000.0,0.13501133961656087
2021-12-21,245500.0,241500.0,0.016427474141947996,229000.0,0.06957494368033552,213500.0,0.13966011456589597
2021-12-22,250000.0,245500.0,0.01816397062767112,232000.0,0.07472354619593657,213500.0,0.15782408519356717
2021-12-23,254000.0,250000.0,0.015873349156290163,236000.0,0.07350246199292652,216000.0,0.1620558593343715
2021-12-24,254000.0,254000.0,0.0,238000.0,0.06506359334706187,219500.0,0.14598203450331051
2021-12-27,259000.0,,,241500.0,0.06995858860691047,223000.0,0.149656290239419
2021-12-28,264000.0,259000.0,0.019121041446778377,245500.0,0.07265215591174087,229000.0,0.14222709959207652
2021-12-29,270000.0,264000.0,0.022472855852058576,250000.0,0.0769610411361284,232000.0,0.15168458733206475
2021-12-30,271500.0,270000.0,0.005540180375615351,254000.0,0.06662787235545364,236000.0,0.14013033434838
2021-12-31,275000.0,271500.0,0.012808958292581241,254000.0,0.07943683064803478,238000.0,0.1445004239950965
2022-01-04,278000.0,,,264000.0,0.05167201054432086,245500.0,0.12432416645606179
2022-01-05,288000.0,278000.0,0.03533936644530886,270000.0,0.06453852113757116,250000.0,0.14149956227369942
2022-01-06,296000.0,288000.0,0.027398974188114347,271500.0,0.08639731495007034,254000.0,0.15302518730552372
2022-01-07,302000.0,296000.0,0.020067563050809173,275000.0,0.09365591970829831,254000.0,0.17309275035633315
2022-01-10,308000.0,,,,,259000.0,0.17327172127403678
2022-01-11,313000.0,308000.0,0.016103407566578673,278000.0,0.11858207684951624,264000.0,0.17025408739383702
2022-01-12,316000.0,313000.0,0.00953902304675891,288000.0,0.09278173345096627,270000.0,0.15732025458853727
2022-01-13,321000.0,316000.0,0.015698909543103833,296000.0,0.08108166880595546,271500.0,0.16747898375602582
2022-01-14,326000.0,321000.0,0.015456258236691672,302000.0,0.07647036399183797,275000.0,0.1701262837001364
2022-01-17,331000.0,,,308000.0,0.07201859240348843,,
2022-01-18,334000.0,331000.0,0.009022617599637552,313000.0,0.06493780243654729,278000.0,0.18351987928606342
2022-01-19,334000.0,334000.0,0.0,316000.0,0.05539877938978838,288000.0,0.14818051284075456
2022-01-20,342000.0,334000.0,0.023669744085904703,321000.0,0.06336961393258919,296000.0,0.14445128273854485
2022-01-21,349000.0,342000.0,0.02026118513982193,326000.0,0.06817454083571955,302000.0,0.14464490482755754
2022-01-24,355000.0,,,331000.0,0.06999941409835295,308000.0,0.14201800650184135
2022-01-25,360000.0,355000.0,0.01398624197473987,334000.0,0.07496303847345533,313000.0,0.13990084091000252
2022-01-26,364000.0,360000.0,0.011049836186584935,334000.0,0.08601287466004018,316000.0,0.14141165404982847
2022-01-27,364000.0,364000.0,0.0,342000.0,0.062343130574135555,321000.0,0.1257127445067247
2022-01-28,364000.0,364000.0,0.0,349000.0,0.042081945434313414,326000.0,0.11025648627003301
2022-02-07,364000.0,,,,,355000.0,0.025036078161324832
2022-02-08,372000.0,364000.0,0.02173998663640582,,,360000.0,0.03278982282299097
2022-02-09,378000.0,372000.0,0.01600034134644112,,,364000.0,0.03774032798284711
2022-02-10,384000.0,378000.0,0.015748356968139112,,,364000.0,0.05348868495098622
2022-02-11,392000.0,384000.0,0.02061928720273561,,,364000.0,0.07410797215372183
2022-02-14,402000.0,,,364000.0,0.09929822098228047,,
2022-02-15,412000.0,402000.0,0.024571260730505327,372000.0,0.10212949507637975,,
2022-02-16,422000.0,412000.0,0.023981964686485405,378000.0,0.11011111841642421,,
2022-02-17,430000.0,422000.0,0.018779894651596275,384000.0,0.11314265609988132,,
2022-02-18,438000.0,430000.0,0.018433701688837966,392000.0,0.11095707058598356,,
2022-02-21,448000.0,,,402000.0,0.10834114379596413,364000.0,0.20763936477824455
2022-02-22,458000.0,448000.0,0.022075951699199826,412000.0,0.10584583476465852,372000.0,0.20797532984103842
2022-02-23,460000.0,458000.0,0.004357305368955626,422000.0,0.08622117544712882,378000.0,0.19633229386355303
2022-02-24,462000.0,460000.0,0.004338401598598141,430000.0,0.07177968239413074,384000.0,0.184922338494012
2022-02-25,464000.0,462000.0,0.00431966114451638,438000.0,0.05766564184980908,392000.0,0.16862271243579272
2022-02-28,468000.0,,,448000.0,0.043675063502661635,402000.0,0.1520162072986257
2022-03-01,473000.0,468000.0,0.010627092574286193,458000.0,0.032226204377747925,412000.0,0.13807203914240662
2022-03-02,483000.0,473000.0,0.020921265160639736,460000.0,0.04879016416943205,422000.0,0.13501133961656087
2022-03-03,491000.0,483000.0,0.016427474141947996,462000.0,0.06087923671278177,430000.0,0.13265891910691255
2022-03-04,495000.0,491000.0,0.008113634774169631,464000.0,0.06467321034243512,438000.0,0.12233885219224423
2022-03-07,497000.0,,,468000.0,0.06012173017898199,448000.0,0.10379679368164356
2022-03-08,498000.0,497000.0,0.0020100509280241,473000.0,0.051504688532719896,458000.0,0.08373089291046795
2022-03-09,499000.0,498000.0,0.002006018726865766,483000.0,0.032589442098945966,460000.0,0.08137960626837804
2022-03-10,501000.0,499000.0,0.004000005333346137,491000.0,0.020161973290344318,462000.0,0.08104121000312603
2022-03-11,502000.0,501000.0,0.0019940186068644495,495000.0,0.014042357123038984,464000.0,0.0787155674654739
2022-03-14,502000.0,,,497000.0,0.010010093595100425,468000.0,0.07013182377408242
2022-03-15,503000.0,502000.0,0.001990050408010009,498000.0,0.009990093075086186,473000.0,0.06149478160780629
2022-03-16,503000.0,503000.0,0.0,499000.0,0.007984074348220549,483000.0,0.040573516447166454
2022-03-17,503000.0,503000.0,0.0,501000.0,0.003984069014874513,491000.0,0.024146042305218572
2022-03-18,503000.0,503000.0,0.0,502000.0,0.001990050408010009,495000.0,0.01603240753104901
2022-03-21,503000.0,,,502000.0,0.001990050408010009,497000.0,0.012000144003110558
2022-03-22,503000.0,503000.0,0.0,503000.0,0.0,498000.0,0.009990093075086186
2022-03-23,503000.0,503000.0,0.0,503000.0,0.0,499000.0,0.007984074348220549
2022-03-24,503000.0,503000.0,0.0,503000.0,0.0,501000.0,0.003984069014874513
2022-03-25,503000.0,503000.0,0.0,503000.0,0.0,502000.0,0.001990050408010009
2022-03-28,503000.0,,,503000.0,0.0,502000.0,0.001990050408010009
2022-03-29,503000.0,503000.0,0.0,503000.0,0.0,503000.0,0.0
2022-03-30,502500.0,503000.0,-0.0009945301665083472,503000.0,-0.0009945301665083472,503000.0,-0.0009945301665083472
2022-03-31,502500.0,502500.0,0.0,503000.0,-0.0009945301665083472,503000.0,-0.0009945301665083472
2022-04-01,502500.0,502500.0,0.0,503000.0,-0.0009945301665083472,503000.0,-0.0009945301665083472
2022-04-06,502500.0,,,502500.0,0.0,503000.0,-0.0009945301665083472
2022-04-07,502500.0,502500.0,0.0,502500.0,0.0,503000.0,-0.0009945301665083472
2022-04-08,501500.0,502500.0,-0.001992032531240541,502500.0,-0.001992032531240541,503000.0,-0.0029865626977489674
2022-04-11,500000.0,,,,,503000.0,-0.005982071677547429
2022-04-12,498000.0,500000.0,-0.004008021397538822,,,503000.0,-0.009990093075086299
2022-04-13,496000.0,498000.0,-0.004024150299725491,502500.0,-0.013019713208303318,502500.0,-0.013019713208303318
2022-04-14,495000.0,496000.0,-0.002018164156237236,502500.0,-0.015037877364540559,502500.0,-0.015037877364540559
2022-04-15,494000.0,495000.0,-0.002022245380767809,501500.0,-0.015068090214067688,502500.0,-0.0170601227453083
2022-04-18,492500.0,,,500000.0,-0.015113637810048184,,
2022-04-19,488500.0,492500.0,-0.008154989129306144,498000.0,-0.01926060554181551,,
2022-04-20,485500.0,488500.0,-0.006160183751457846,496000.0,-0.021396638993547833,502500.0,-0.03441635220185119
2022-04-21,475500.0,485500.0,-0.02081240574593461,495000.0,-0.04019088058324534,502500.0,-0.05522875794778582
2022-04-22,467000.0,475500.0,-0.018037624316547686,494000.0,-0.05620625951902521,501500.0,-0.07127434973309295
2022-04-25,465000.0,,,492500.0,-0.0574570550247872,500000.0,-0.07257069283483537
2022-04-26,461500.0,465000.0,-0.007555351644449502,488500.0,-0.05685741753993063,498000.0,-0.0761180230817461
2022-04-27,461500.0,461500.0,0.0,485500.0,-0.0506972337884728,496000.0,-0.07209387278202066
2022-04-28,461500.0,461500.0,0.0,475500.0,-0.029884828042538187,495000.0,-0.07007570862578344
2022-04-29,461500.0,461500.0,0.0,467000.0,-0.011847203725990442,494000.0,-0.06805346324501564
2022-05-05,461500.0,,,461500.0,0.0,475500.0,-0.029884828042538187
2022-05-06,461500.0,461500.0,0.0,461500.0,0.0,467000.0,-0.011847203725990442
2022-05-09,461500.0,,,,,465000.0,-0.007555351644449502
2022-05-10,461500.0,461500.0,0.0,,,461500.0,0.0
2022-05-11,461500.0,461500.0,0.0,,,461500.0,0.0
2022-05-12,461500.0,461500.0,0.0,461500.0,0.0,461500.0,0.0
2022-05-13,461500.0,461500.0,0.0,461500.0,0.0,461500.0,0.0
2022-05-16,461500.0,,,461500.0,0.0,,
2022-05-17,461500.0,461500.0,0.0,461500.0,0.0,,
2022-05-18,461500.0,461500.0,0.0,461500.0,0.0,,
2022-05-19,461500.0,461500.0,0.0,461500.0,0.0,461500.0,0.0
2022-05-20,461500.0,461500.0,0.0,461500.0,0.0,461500.0,0.0
2022-05-23,461500.0,,,461500.0,0.0,461500.0,0.0
2022-05-24,461500.0,461500.0,0.0,461500.0,0.0,461500.0,0.0
2022-05-25,461500.0,461500.0,0.0,461500.0,0.0,461500.0,0.0
2022-05-26,461500.0,461500.0,0.0,461500.0,0.0,461500.0,0.0
2022-05-27,462500.0,461500.0,0.00216450300957305,461500.0,0.00216450300957305,461500.0,0.00216450300957305
2022-05-30,462500.0,,,461500.0,0.00216450300957305,461500.0,0.00216450300957305
2022-05-31,462500.0,462500.0,0.0,461500.0,0.00216450300957305,461500.0,0.00216450300957305
2022-06-01,463500.0,462500.0,0.002159828053429938,461500.0,0.0043243310630030245,461500.0,0.0043243310630030245
2022-06-02,463500.0,463500.0,0.0,461500.0,0.0043243310630030245,461500.0,0.0043243310630030245
2022-06-06,463500.0,,,462500.0,0.002159828053429938,461500.0,0.0043243310630030245
2022-06-07,465500.0,463500.0,0.004305711711212013,462500.0,0.006465539764641811,461500.0,0.00863004277421497
2022-06-08,465500.0,465500.0,0.0,463500.0,0.004305711711212013,461500.0,0.00863004277421497
2022-06-09,466500.0,465500.0,0.0021459235702766762,463500.0,0.006451635281488595,461500.0,0.010775966344491739
2022-06-10,467500.0,466500.0,0.002141328441343078,,,462500.0,0.010752791776261697
2022-06-13,468000.0,,,463500.0,0.00966191091173689,462500.0,0.011821738965166953
2022-06-14,468000.0,468000.0,0.0,465500.0,0.00535619920052489,462500.0,0.011821738965166953
2022-06-15,468000.0,468000.0,0.0,465500.0,0.00535619920052489,463500.0,0.00966191091173689
2022-06-16,468000.0,468000.0,0.0,466500.0,0.0032102756302481894,463500.0,0.00966191091173689
2022-06-17,468000.0,468000.0,0.0,467500.0,0.0010689471889049637,,
2022-06-20,468000.0,,,468000.0,0.0,463500.0,0.00966191091173689
2022-06-21,468000.0,468000.0,0.0,468000.0,0.0,465500.0,0.00535619920052489
2022-06-22,469000.0,468000.0,0.0021344725286326196,468000.0,0.0021344725286326196,465500.0,0.007490671729157659
2022-06-23,469000.0,469000.0,0.0,468000.0,0.0021344725286326196,466500.0,0.005344748158880943
2022-06-24,469000.0,469000.0,0.0,468000.0,0.0021344725286326196,467500.0,0.0032034197175376438
2022-06-27,469000.0,,,468000.0,0.0021344725286326196,468000.0,0.0021344725286326196
2022-06-28,469000.0,469000.0,0.0,468000.0,0.0021344725286326196,468000.0,0.0021344725286326196
2022-06-29,469000.0,469000.0,0.0,469000.0,0.0,468000.0,0.0021344725286326196
2022-06-30,469000.0,469000.0,0.0,469000.0,0.0,468000.0,0.0021344725286326196
2022-07-01,469000.0,469000.0,0.0,469000.0,0.0,468000.0,0.0021344725286326196
2022-07-04,469000.0,,,469000.0,0.0,468000.0,0.0021344725286326196
2022-07-05,469000.0,469000.0,0.0,469000.0,0.0,468000.0,0.0021344725286326196
2022-07-06,469000.0,469000.0,0.0,469000.0,0.0,469000.0,0.0
2022-07-07,469000.0,469000.0,0.0,469000.0,0.0,469000.0,0.0
2022-07-08,469000.0,469000.0,0.0,469000.0,0.0,469000.0,0.0
2022-07-11,469000.0,,,469000.0,0.0,469000.0,0.0
2022-07-12,469000.0,469000.0,0.0,469000.0,0.0,469000.0,0.0
2022-07-13,469000.0,469000.0,0.0,469000.0,0.0,469000.0,0.0
2022-07-14,469000.0,469000.0,0.0,469000.0,0.0,469000.0,0.0
2022-07-15,469000.0,469000.0,0.0,469000.0,0.0,469000.0,0.0
2022-07-18,469000.0,,,469000.0,0.0,469000.0,0.0
2022-07-19,470000.0,469000.0,0.002129926257824849,469000.0,0.002129926257824849,469000.0,0.002129926257824849
2022-07-20,470000.0,470000.0,0.0,469000.0,0.002129926257824849,469000.0,0.002129926257824849
2022-07-21,470000.0,470000.0,0.0,469000.0,0.002129926257824849,469000.0,0.002129926257824849
2022-07-22,470000.0,470000.0,0.0,469000.0,0.002129926257824849,469000.0,0.002129926257824849
2022-07-25,470000.0,,,469000.0,0.002129926257824849,469000.0,0.002129926257824849
2022-07-26,470500.0,470000.0,0.0010632643213300838,470000.0,0.0010632643213300838,469000.0,0.0031931905791549855
2022-07-27,470500.0,470500.0,0.0,470000.0,0.0010632643213300838,469000.0,0.0031931905791549855
2022-07-28,470500.0,470500.0,0.0,470000.0,0.0010632643213300838,469000.0,0.0031931905791549855
2022-07-29,470500.0,470500.0,0.0,470000.0,0.0010632643213300838,469000.0,0.0031931905791549855
2022-08-01,470500.0,,,470000.0,0.0010632643213300838,469000.0,0.0031931905791549855
2022-08-02,471500.0,470500.0,0.0021231430480777515,470500.0,0.0021231430480777515,470000.0,0.003186407369408002
2022-08-03,471500.0,471500.0,0.0,470500.0,0.0021231430480777515,470000.0,0.003186407369408002
2022-08-04,471500.0,471500.0,0.0,470500.0,0.0021231430480777515,470000.0,0.003186407369408002
2022-08-05,471500.0,471500.0,0.0,470500.0,0.0021231430480777515,470000.0,0.003186407369408002
2022-08-08,473000.0,,,470500.0,0.005299429466498593,470000.0,0.00636269378782865
2022-08-09,473000.0,473000.0,0.0,471500.0,0.003176286418420737,470500.0,0.005299429466498593
2022-08-10,475000.0,473000.0,0.0042194155427082896,471500.0,0.0073957019611289926,470500.0,0.00951884500920684
2022-08-11,476000.0,475000.0,0.00210305019677889,471500.0,0.009498752157907905,470500.0,0.011621895205985748
2022-08-12,476000.0,476000.0,0.0,471500.0,0.009498752157907905,470500.0,0.011621895205985748
2022-08-15,476000.0,,,473000.0,0.006322465739487108,470500.0,0.011621895205985748
2022-08-16,477000.0,476000.0,0.0020986366569212054,473000.0,0.008421102396408345,471500.0,0.011597388814829013
2022-08-17,477000.0,477000.0,0.0,475000.0,0.004201686853699977,471500.0,0.011597388814829013
2022-08-18,479000.0,477000.0,0.004184106522574091,476000.0,0.006282743179495209,471500.0,0.015781495337403046
2022-08-19,479000.0,479000.0,0.0,476000.0,0.006282743179495209,471500.0,0.015781495337403046
2022-08-22,482000.0,,,476000.0,0.012526259819180256,473000.0,0.01884872555866733
2022-08-23,484000.0,482000.0,0.004140792666031387,477000.0,0.014568415828290413,473000.0,0.02298951822469878
2022-08-24,484000.0,484000.0,0.0,477000.0,0.014568415828290413,475000.0,0.018770102681990468
2022-08-25,486000.0,484000.0,0.004123717183862156,479000.0,0.014508026489578635,476000.0,0.02079076966907369
2022-08-26,486000.0,486000.0,0.0,479000.0,0.014508026489578635,476000.0,0.02079076966907369
2022-08-29,488000.0,,,482000.0,0.012371291802546829,476000.0,0.024897551621727087
2022-08-30,488000.0,488000.0,0.0,484000.0,0.008230499136515444,477000.0,0.022798914964806027
2022-08-31,490000.0,488000.0,0.004089985251525066,484000.0,0.012320484388040657,477000.0,0.026888900216331
2022-09-01,490000.0,490000.0,0.0,486000.0,0.00819676720417849,479000.0,0.022704793693757098
2022-09-02,493000.0,490000.0,0.006103782938017886,486000.0,0.014300550142196332,479000.0,0.02880857663177486
2022-09-05,493000.0,,,488000.0,0.010193768189543024,482000.0,0.022565059992089725
2022-09-06,493000.0,493000.0,0.0,488000.0,0.010193768189543024,484000.0,0.018424267326058504
2022-09-07,494000.0,493000.0,0.0020263431452324674,490000.0,0.008130126083250309,484000.0,0.02045061047129084
2022-09-08,494000.0,494000.0,0.0,490000.0,0.008130126083250309,486000.0,0.016326893287428666
2022-09-09,494000.0,494000.0,0.0,493000.0,0.0020263431452324674,486000.0,0.016326893287428666
2022-09-13,496500.0,,,493000.0,0.007074309442537196,488000.0,0.017268077632080003
2022-09-14,496500.0,496500.0,0.0,494000.0,0.005047966297304853,490000.0,0.013178092380555036
2022-09-15,496500.0,496500.0,0.0,494000.0,0.005047966297304853,490000.0,0.013178092380555036
2022-09-16,496500.0,496500.0,0.0,494000.0,0.005047966297304853,493000.0,0.007074309442537196
2022-09-19,497500.0,,,,,493000.0,0.009086382555957442
2022-09-20,497500.0,497500.0,0.0,496500.0,0.002012073113420235,493000.0,0.009086382555957442
2022-09-21,500000.0,497500.0,0.0050125418235441935,496500.0,0.0070246149369644385,494000.0,0.01207258123426924
2022-09-22,502500.0,500000.0,0.004987541511038968,496500.0,0.012012156448003434,494000.0,0.01706012274530839
2022-09-23,504500.0,502500.0,0.003972199860432724,496500.0,0.01598435630843638,494000.0,0.021032322605741147
2022-09-26,504500.0,,,497500.0,0.013972283195016115,,
2022-09-27,507000.0,504500.0,0.004943163797519509,497500.0,0.01891544699253576,496500.0,0.02092752010595582
2022-09-28,507000.0,507000.0,0.0,500000.0,0.013902905168991434,496500.0,0.02092752010595582
2022-09-29,510000.0,507000.0,0.005899722127188322,502500.0,0.014815085785140682,496500.0,0.026827242233144276
2022-09-30,513000.0,510000.0,0.005865119452398058,504500.0,0.016708005377105907,496500.0,0.03269236168554231
2022-10-10,517500.0,,,,,504500.0,0.025441685345860585
2022-10-11,520500.0,517500.0,0.005780362915499329,,,507000.0,0.026278884463840434
2022-10-12,523500.0,520500.0,0.005747142255568071,,,507000.0,0.032026026719408435
2022-10-13,523500.0,523500.0,0.0,,,510000.0,0.026126304592219998
2022-10-14,526000.0,523500.0,0.004764182427118379,,,513000.0,0.02502536756694038
2022-10-17,530000.0,,,517500.0,0.023867481406643486,,
2022-10-18,532000.0,530000.0,0.0037664827954768648,520500.0,0.021853601286620828,,
2022-10-19,534000.0,532000.0,0.003752349618550372,523500.0,0.019858808649603255,,
2022-10-20,535000.0,534000.0,0.0018709079358116025,523500.0,0.021729716585415032,,
2022-10-21,538000.0,535000.0,0.0055918132657779345,526000.0,0.022557347424074527,,
2022-10-24,541000.0,,,530000.0,0.020542272300314107,517500.0,0.04440975370695732
2022-10-25,544000.0,541000.0,0.0055299680094611755,532000.0,0.022305757514298186,520500.0,0.044159358800919035
2022-10-26,548000.0,544000.0,0.007326040092072881,534000.0,0.02587944798782076,523500.0,0.04573825663742404
2022-10-27,551000.0,548000.0,0.005459522204898974,535000.0,0.029468062256907856,523500.0,0.05119777884232298
2022-10-28,556000.0,551000.0,0.009033485097667826,538000.0,0.03290973408879796,526000.0,0.055467081512872454
2022-10-31,558000.0,,,541000.0,0.03093968353482937,530000.0,0.05148195583514341
2022-11-01,559000.0,558000.0,0.0017905107737882938,544000.0,0.027200226299156544,532000.0,0.04950598381345476
2022-11-02,559000.0,559000.0,0.0,548000.0,0.01987418620708363,534000.0,0.04575363419490432
2022-11-03,561500.0,559000.0,0.004462301023398686,551000.0,0.018876965025583427,535000.0,0.04834502728249125
2022-11-04,561500.0,561500.0,0.0,556000.0,0.009843479927915543,538000.0,0.042753214016713406
2022-11-07,563500.0,,,558000.0,0.009808371098520119,541000.0,0.04074805463334944
2022-11-08,565500.0,563500.0,0.0035429620763441287,559000.0,0.011560822401076006,544000.0,0.038761048700232545
2022-11-09,567500.0,565500.0,0.003530453799382659,559000.0,0.015091276200458624,548000.0,0.03496546240754223
2022-11-10,567500.0,567500.0,0.0,561500.0,0.010628975177059838,551000.0,0.02950594020264335
2022-11-11,567500.0,567500.0,0.0,561500.0,0.010628975177059838,556000.0,0.02047245510497535
2022-11-14,567500.0,,,563500.0,0.007073415875726699,558000.0,0.016881786974246714
2022-11-15,567500.0,567500.0,0.0,565500.0,0.003530453799382659,559000.0,0.015091276200458624
2022-11-16,567500.0,567500.0,0.0,567500.0,0.0,559000.0,0.015091276200458624
2022-11-17,567500.0,567500.0,0.0,567500.0,0.0,561500.0,0.010628975177059838
2022-11-18,567500.0,567500.0,0.0,567500.0,0.0,561500.0,0.010628975177059838
2022-11-21,567500.0,,,567500.0,0.0,563500.0,0.007073415875726699
2022-11-22,567000.0,567500.0,-0.0008814456278056542,567500.0,-0.0008814456278056542,565500.0,0.0026490081715768625
2022-11-23,567000.0,567000.0,0.0,567500.0,-0.0008814456278056542,567500.0,-0.0008814456278056542
2022-11-24,567000.0,567000.0,0.0,567500.0,-0.0008814456278056542,567500.0,-0.0008814456278056542
2022-11-25,567000.0,567000.0,0.0,567500.0,-0.0008814456278056542,567500.0,-0.0008814456278056542
2022-11-28,567000.0,,,567500.0,-0.0008814456278056542,567500.0,-0.0008814456278056542
2022-11-29,566500.0,567000.0,-0.0008822232596910375,567000.0,-0.0008822232596910375,567500.0,-0.001763668887496704
2022-11-30,566500.0,566500.0,0.0,567000.0,-0.0008822232596910375,567500.0,-0.001763668887496704
2022-12-01,566500.0,566500.0,0.0,567000.0,-0.0008822232596910375,567500.0,-0.001763668887496704
2022-12-02,566500.0,566500.0,0.0,567000.0,-0.0008822232596910375,567500.0,-0.001763668887496704
2022-12-05,565500.0,,,567000.0,-0.002649008171576953,567500.0,-0.003530453799382645
2022-12-06,565500.0,565500.0,0.0,566500.0,-0.0017667849118858392,567000.0,-0.002649008171576953
2022-12-07,564500.0,565500.0,-0.0017699119664584693,566500.0,-0.0035366968783442556,567000.0,-0.004418920138035335
2022-12-08,564500.0,564500.0,0.0,566500.0,-0.0035366968783442556,567000.0,-0.004418920138035335
2022-12-09,564000.0,564500.0,-0.0008861320916577988,566500.0,-0.004422828970002055,567000.0,-0.005305052229693229
2022-12-12,563000.0,,,565500.0,-0.004430667416484732,567000.0,-0.0070796755880616884
2022-12-13,561000.0,563000.0,-0.0035587226169941063,565500.0,-0.007989390033478863,566500.0,-0.009756174945364685
2022-12-14,560000.0,561000.0,-0.0017841217935014426,564500.0,-0.008003599860521795,566500.0,-0.011540296738866062
2022-12-15,556500.0,560000.0,-0.006269613013595374,564500.0,-0.014273212874117218,566500.0,-0.017809909752461498
2022-12-16,555000.0,556500.0,-0.002699056969165058,564000.0,-0.01608613775162438,566500.0,-0.020508966721626474
2022-12-19,552000.0,,,563000.0,-0.019731581862595125,565500.0,-0.024162249279079822
2022-12-20,551000.0,552000.0,-0.0018132371241808313,561000.0,-0.017986096369781827,565500.0,-0.025975486403260677
2022-12-21,550000.0,551000.0,-0.001816530926397894,560000.0,-0.018018505502678365,564500.0,-0.026022105363200092
2022-12-22,549000.0,550000.0,-0.0018198367169859828,556500.0,-0.013568729206068903,564500.0,-0.02784194208018604
2022-12-23,546000.0,549000.0,-0.005479465764625596,555000.0,-0.01634913800152941,564000.0,-0.032435275753153844
2022-12-26,531000.0,,,552000.0,-0.03878602503515642,563000.0,-0.05851760689775152
2022-12-27,525000.0,531000.0,-0.011363758650315095,551000.0,-0.048336546561290765,561000.0,-0.06632264293107261
2022-12-28,522000.0,525000.0,-0.005730674708984983,550000.0,-0.05225069034387788,560000.0,-0.07026919584655618
2022-12-29,516500.0,522000.0,-0.01059229932294546,549000.0,-0.061023152949837386,556500.0,-0.07459188215590631
2022-12-30,512000.0,516500.0,-0.00875066352018542,546000.0,-0.06429435070539725,555000.0,-0.08064348870692671
2023-01-03,510000.0,,,525000.0,-0.028987536873252298,551000.0,-0.0773240834345431
2023-01-04,505500.0,510000.0,-0.008862687257845317,522000.0,-0.03211954942211266,550000.0,-0.08437023976599052
2023-01-05,502000.0,505500.0,-0.006947918768796891,516500.0,-0.028475168867964012,549000.0,-0.08949832181780137
2023-01-06,501500.0,502000.0,-0.0009965122897389732,512000.0,-0.020721017637517564,546000.0,-0.08501536834291487
2023-01-09,491000.0,,,,,531000.0,-0.07831789344741827
2023-01-10,486000.0,491000.0,-0.010235503894026863,510000.0,-0.04820210181787775,525000.0,-0.07718963869112998
2023-01-11,485000.0,486000.0,-0.002059732963010616,505500.0,-0.041399147523042905,522000.0,-0.07351869694515557
2023-01-12,483500.0,485000.0,-0.0030975760441341693,502000.0,-0.037548804798380145,516500.0,-0.0660239736663442
2023-01-13,483500.0,483500.0,0.0,501500.0,-0.036552292508641206,512000.0,-0.05727331014615877
2023-01-16,476500.0,,,491000.0,-0.029976404700263744,,
2023-01-17,475000.0,476500.0,-0.003152919059615642,486000.0,-0.022893819865852507,510000.0,-0.07109592168373022
2023-01-18,475000.0,475000.0,0.0,485000.0,-0.020834086902842025,505500.0,-0.06223323442588495
2023-01-19,475000.0,475000.0,0.0,483500.0,-0.01773651085870783,502000.0,-0.055285315657087934
2023-01-20,475000.0,475000.0,0.0,483500.0,-0.01773651085870783,501500.0,-0.05428880336734897
2023-01-30,471500.0,,,,,476500.0,-0.010548621020744667
2023-01-31,469000.0,471500.0,-0.005316333627232782,,,475000.0,-0.012712035588361861
2023-02-01,467500.0,469000.0,-0.0032034197175377006,,,475000.0,-0.015915455305899568
2023-02-02,466000.0,467500.0,-0.0032137146030957833,,,475000.0,-0.019129169908995304
2023-02-03,464000.0,466000.0,-0.0043010818993905854,,,475000.0,-0.023430251808385996
2023-02-06,463000.0,,,471500.0,-0.018192047987278113,,
2023-02-07,460500.0,463000.0,-0.005414198390872514,469000.0,-0.018289912750917785,,
2023-02-08,458500.0,460500.0,-0.004352563998841998,467500.0,-0.019439057032222182,,
2023-02-09,457500.0,458500.0,-0.0021834069809435063,466000.0,-0.018408749410069848,,
2023-02-10,455500.0,457500.0,-0.004381168015562977,464000.0,-0.018488835526242198,,
2023-02-13,454500.0,,,463000.0,-0.018529140468700602,471500.0,-0.036721188455978666
2023-02-14,450000.0,454500.0,-0.009950330853168092,460500.0,-0.023065272930996104,469000.0,-0.041355185681913945
2023-02-15,447000.0,450000.0,-0.006688988150796652,458500.0,-0.025401697082950717,467500.0,-0.04484075411517283
2023-02-16,443500.0,447000.0,-0.007860792863934658,457500.0,-0.031079082965941814,466000.0,-0.049487832376011724
2023-02-17,431000.0,443500.0,-0.028589711645886404,455500.0,-0.05528762659626519,464000.0,-0.07377646212250744
2023-02-20,422500.0,,,454500.0,-0.07300846682030503,463000.0,-0.09153760728900555
2023-02-21,417500.0,422500.0,-0.011904902506318314,450000.0,-0.07496303847345523,460500.0,-0.09802831140445141
2023-02-22,410000.0,417500.0,-0.018127384592556715,447000.0,-0.08640143491521537,458500.0,-0.11180313199816602
2023-02-23,400000.0,410000.0,-0.02469261259037152,443500.0,-0.10323325464165224,457500.0,-0.13431233760759406
2023-02-24,399750.0,400000.0,-0.0006251953939183611,431000.0,-0.07526873838968415,455500.0,-0.13055636498594944
2023-02-27,392500.0,,,422500.0,-0.07365290957476545,454500.0,-0.14666137639507035
2023-02-28,390500.0,392500.0,-0.005108567942722466,417500.0,-0.06685657501116957,450000.0,-0.1418196134846248
2023-03-01,380500.0,390500.0,-0.025941791978000145,410000.0,-0.0746709823966129,447000.0,-0.16107241731182834
2023-03-02,374000.0,380500.0,-0.017230379887208568,400000.0,-0.06720874969344999,443500.0,-0.1704420043351023
2023-03-03,370000.0,374000.0,-0.01075279177626185,399750.0,-0.07733634607579343,431000.0,-0.15260508446547766
2023-03-06,367500.0,,,392500.0,-0.06581321856957174,422500.0,-0.13946612814433718
2023-03-07,366000.0,367500.0,-0.004089985251525166,390500.0,-0.06479463587837436,417500.0,-0.13165121088954396
2023-03-08,361500.0,366000.0,-0.012371291802546829,380500.0,-0.051224135702921114,410000.0,-0.1258951180995341
2023-03-09,346500.0,361500.0,-0.042379222968861416,374000.0,-0.07637297878457397,400000.0,-0.1435817284780241
2023-03-10,341500.0,346500.0,-0.014535139619113199,370000.0,-0.08015532662742536,399750.0,-0.15749167270321882
2023-03-13,337000.0,,,367500.0,-0.0866403883005296,392500.0,-0.15245360687010137
2023-03-14,331500.0,337000.0,-0.016455120726444478,366000.0,-0.0990055237754491,390500.0,-0.1638001596538235
2023-03-15,326000.0,331500.0,-0.016730428259209607,361500.0,-0.10336466023211172,380500.0,-0.1545887959350329
2023-03-16,320500.0,326000.0,-0.01701510500598293,346500.0,-0.07800054226923317,374000.0,-0.15437352105380722
2023-03-17,313000.0,320500.0,-0.02367908582057155,341500.0,-0.08714448847069158,370000.0,-0.1672998150981169
2023-03-20,301500.0,,,337000.0,-0.11131291418512163,367500.0,-0.1979533024856513
2023-03-21,295000.0,301500.0,-0.02179465982742032,331500.0,-0.11665245328609743,366000.0,-0.2156579770615464
2023-03-22,288000.0,295000.0,-0.024014876203873853,326000.0,-0.1239369012307617,361500.0,-0.2273015614628735
2023-03-23,278500.0,288000.0,-0.03354242076860727,320500.0,-0.140464216993386,346500.0,-0.21846475926261918
2023-03-24,275000.0,278500.0,-0.012646961700767421,313000.0,-0.12943209287358196,341500.0,-0.2165765813442735
2023-03-27,270000.0,,,301500.0,-0.11034805716886534,337000.0,-0.22166097135398694
2023-03-28,263000.0,270000.0,-0.026267926820610188,295000.0,-0.11482132416205522,331500.0,-0.2314737774481527
2023-03-29,257000.0,263000.0,-0.023077947282544725,288000.0,-0.11388439524072608,326000.0,-0.23782129647148784
2023-03-30,250000.0,257000.0,-0.02761516703297338,278500.0,-0.10795714150509228,320500.0,-0.2484213584984783
2023-03-31,238000.0,250000.0,-0.04919024419077178,275000.0,-0.14450042399509658,313000.0,-0.27393251686867853
2023-04-03,225500.0,,,270000.0,-0.18010180005564178,301500.0,-0.29044985722450706
2023-04-04,219000.0,225500.0,-0.0292484291262322,263000.0,-0.18308230236126372,295000.0,-0.2979036265233191
2023-04-06,215000.0,,,250000.0,-0.15082288973458366,278500.0,-0.25878003123967597
2023-04-07,210000.0,215000.0,-0.02353049741019416,238000.0,-0.12516314295400605,275000.0,-0.2696635669491026
2023-04-10,207000.0,,,225500.0,-0.08560136567736396,270000.0,-0.2657031657330056
2023-04-11,200000.0,207000.0,-0.034401426717332435,219000.0,-0.0907543632684642,263000.0,-0.2738366656297279
2023-04-12,198000.0,200000.0,-0.01005033585350145,,,257000.0,-0.2608090542006845
2023-04-13,195500.0,198000.0,-0.012706651269114801,215000.0,-0.09507764870224235,250000.0,-0.24590053843682594
2023-04-14,193000.0,195500.0,-0.012870190520534907,210000.0,-0.08441734181258317,238000.0,-0.20958048476658914
2023-04-17,187000.0,,,207000.0,-0.10161017641078243,225500.0,-0.18721154208814647
2023-04-18,186000.0,187000.0,-0.005361943141385399,200000.0,-0.07257069283483537,219000.0,-0.16332505610329964
2023-04-19,180000.0,186000.0,-0.03278982282299084,198000.0,-0.0953101798043249,,
2023-04-20,178500.0,180000.0,-0.00836824967051658,195500.0,-0.09097177820572676,215000.0,-0.18604942690796902
2023-04-21,178500.0,178500.0,0.0,193000.0,-0.07810158768519183,210000.0,-0.16251892949777494
2023-04-24,178500.0,,,187000.0,-0.04652001563489282,207000.0,-0.14813019204567524
2023-04-25,176500.0,178500.0,-0.011267724846342269,186000.0,-0.05242579733984974,200000.0,-0.12499649017468527
2023-04-26,179000.0,176500.0,0.014064929467403457,180000.0,-0.00557104504945536,198000.0,-0.10088122485378019
2023-04-27,179000.0,179000.0,0.0,178500.0,0.002797204621061219,195500.0,-0.08817457358466547
2023-04-28,179000.0,179000.0,0.0,178500.0,0.002797204621061219,193000.0,-0.07530438306413059
2023-05-04,179500.0,,,179000.0,0.0027894020875785922,178500.0,0.005586606708639776
2023-05-05,180500.0,179500.0,0.005555569844601964,179000.0,0.008344971932180688,178500.0,0.011142176553241803
2023-05-08,190000.0,,,,,178500.0,0.06243547094079237
2023-05-09,195500.0,190000.0,0.028536307264934297,,,176500.0,0.10223950305206891
2023-05-10,208500.0,195500.0,0.06437866181343571,,,179000.0,0.15255323539810106
2023-05-11,225000.0,208500.0,0.07616136096556395,179500.0,0.22592519427608654,179000.0,0.22871459636366517
2023-05-12,242000.0,225000.0,0.0728373239522663,180500.0,0.29320694838375083,179000.0,0.3015519203159314
2023-05-15,258000.0,,,190000.0,0.3059355127611313,,
2023-05-16,265000.0,258000.0,0.026770241064604832,195500.0,0.30416944656080175,,
2023-05-17,274000.0,265000.0,0.03339828040184801,208500.0,0.2731890651492141,,
2023-05-18,290000.0,274000.0,0.05675281659244942,225000.0,0.25378052077609964,179500.0,0.4797057150521862
2023-05-19,292000.0,290000.0,0.0068728792877620504,242000.0,0.18781607611159534,180500.0,0.4810230244953462
2023-05-22,0.0,,,258000.0,-inf,190000.0,-inf
